suite,variant,mode,training_run_id,evaluation_run_id,training_workflow_id,evaluation_workflow_id,training_scheduler_state,evaluation_scheduler_state,saved_training_percent,saved_training_artifact_run,training_artifact_state,saved_evaluation_episodes,saved_evaluation_artifact_run,evaluation_artifact_state,success_rate_percent
libero_spatial,reference,stk,arc-str-20261002r2-spatial-reference-stk,arc-se-20261003-spatial-reference-stk-eval,arc-str-20261002r2-spatial-1,arc-se-20261003-spatial-reference-stk-eval-1,COMPLETED,COMPLETED,100.0,arc-str-20261002r2-spatial-reference-stk,TRAINING_COMPLETE,2500,arc-se-20261003-spatial-reference-stk-eval,POLICY_EVALUATION_COMPLETE,68.64
libero_spatial,reference,dur,arc-sr-20261003-spatial-reference-dur,arc-sr-20261003-spatial-reference-dur-eval,arc-sr-20261003-spatial-1,arc-sr-20261003-spatial-1,COMPLETED,COMPLETED,100.0,arc-sr-20261003-spatial-reference-dur,TRAINING_COMPLETE,2500,arc-sr-20261003-spatial-reference-dur-eval,POLICY_EVALUATION_COMPLETE,69.48
libero_spatial,gripper,stk,arc-sr-20261003-spatial-gripper-stk,arc-sc-20261004-spatial-gripper-stk-eval,arc-sr-20261003-spatial-1,arc-sc-20261004-spatial-gripper-stk-eval-1,COMPLETED,RUNNING,100.0,arc-sr-20261003-spatial-gripper-stk,TRAINING_COMPLETE,1435,arc-sc-20261004-spatial-gripper-stk-eval,ROLLOUTS,
libero_spatial,component_time,dur,arc-sr-20261003-spatial-component-time-dur,arc-sc-20261004-spatial-component-time-dur-eval,arc-sr-20261003-spatial-1,arc-sc-20261004-spatial-component-time-dur-eval-1,COMPLETED,RUNNING,100.0,arc-sr-20261003-spatial-component-time-dur,TRAINING_COMPLETE,0,arc-sr-20261003-spatial-component-time-dur-eval,RECOVERY_SUBMITTED,
libero_spatial,gripper,dur,arc-sb-20261004-spatial-gripper-dur,arc-sb-20261004-spatial-gripper-dur-eval,arc-sb-20261004-spatial-1,arc-sb-20261004-spatial-1,INITIALIZING,WAITING,93.18,arc-sx-20261003-spatial-gripper-dur,RESUME_SUBMITTED,0,arc-sx-20261003-spatial-gripper-dur-eval,RECOVERY_SUBMITTED,
libero_spatial,xyz_scalar,stk,arc-sb-20261004-spatial-xyz-scalar-stk,arc-sb-20261004-spatial-xyz-scalar-stk-eval,arc-sb-20261004-spatial-1,arc-sb-20261004-spatial-1,RUNNING,WAITING,92.58,arc-sx-20261003-spatial-xyz-scalar-stk,STAGING_DATA,0,arc-sx-20261003-spatial-xyz-scalar-stk-eval,RECOVERY_SUBMITTED,
libero_spatial,xyz_scalar,dur,arc-sb-20261004-spatial-xyz-scalar-dur,arc-sb-20261004-spatial-xyz-scalar-dur-eval,arc-sb-20261004-spatial-1,arc-sb-20261004-spatial-1,RUNNING,WAITING,64.59,arc-sx-20261003-spatial-xyz-scalar-dur,STAGING_DATA,0,arc-sx-20261003-spatial-xyz-scalar-dur-eval,RECOVERY_SUBMITTED,
libero_spatial,component_velocity,stk,arc-sb-20261004-spatial-component-velocity-stk,arc-sb-20261004-spatial-component-velocity-stk-eval,arc-sb-20261004-spatial-1,arc-sb-20261004-spatial-1,RUNNING,WAITING,91.98,arc-sx-20261003-spatial-component-velocity-stk,STAGING_DATA,0,arc-sx-20261003-spatial-component-velocity-stk-eval,RECOVERY_SUBMITTED,
libero_spatial,component_velocity,dur,arc-sb-20261004-spatial-component-velocity-dur,arc-sb-20261004-spatial-component-velocity-dur-eval,arc-sb-20261004-spatial-1,arc-sb-20261004-spatial-1,RUNNING,WAITING,93.78,arc-sx-20261003-spatial-component-velocity-dur,STAGING_DATA,0,arc-sx-20261003-spatial-component-velocity-dur-eval,RECOVERY_SUBMITTED,
libero_spatial,component_time,stk,arc-sb-20261004-spatial-component-time-stk,arc-sb-20261004-spatial-component-time-stk-eval,arc-sb-20261004-spatial-1,arc-sb-20261004-spatial-1,RUNNING,WAITING,86.58,arc-sx-20261003-spatial-component-time-stk,STAGING_DATA,0,arc-sx-20261003-spatial-component-time-stk-eval,RECOVERY_SUBMITTED,
libero_spatial,x_yz,stk,arc-sb-20261004-spatial-x-yz-stk,arc-sb-20261004-spatial-x-yz-stk-eval,arc-sb-20261004-spatial-1,arc-sb-20261004-spatial-1,WAITING,WAITING,0,arc-sx-20261003-spatial-x-yz-stk,UNSTARTED_REQUEUED,0,arc-sx-20261003-spatial-x-yz-stk-eval,RECOVERY_SUBMITTED,
libero_spatial,x_yz,dur,arc-sb-20261004-spatial-x-yz-dur,arc-sb-20261004-spatial-x-yz-dur-eval,arc-sb-20261004-spatial-1,arc-sb-20261004-spatial-1,WAITING,WAITING,0,arc-sx-20261003-spatial-x-yz-dur,UNSTARTED_REQUEUED,0,arc-sx-20261003-spatial-x-yz-dur-eval,RECOVERY_SUBMITTED,
libero_spatial,y_xz,stk,arc-sb-20261004-spatial-y-xz-stk,arc-sb-20261004-spatial-y-xz-stk-eval,arc-sb-20261004-spatial-1,arc-sb-20261004-spatial-1,WAITING,WAITING,0,arc-sx-20261003-spatial-y-xz-stk,UNSTARTED_REQUEUED,0,arc-sx-20261003-spatial-y-xz-stk-eval,RECOVERY_SUBMITTED,
libero_spatial,y_xz,dur,arc-sb-20261004-spatial-y-xz-dur,arc-sb-20261004-spatial-y-xz-dur-eval,arc-sb-20261004-spatial-1,arc-sb-20261004-spatial-1,WAITING,WAITING,0,arc-sx-20261003-spatial-y-xz-dur,UNSTARTED_REQUEUED,0,arc-sx-20261003-spatial-y-xz-dur-eval,RECOVERY_SUBMITTED,
libero_spatial,z_xy,stk,arc-sb-20261004-spatial-z-xy-stk,arc-sb-20261004-spatial-z-xy-stk-eval,arc-sb-20261004-spatial-1,arc-sb-20261004-spatial-1,WAITING,WAITING,0,arc-sx-20261003-spatial-z-xy-stk,UNSTARTED_REQUEUED,0,arc-sx-20261003-spatial-z-xy-stk-eval,RECOVERY_SUBMITTED,
libero_spatial,z_xy,dur,arc-sb-20261004-spatial-z-xy-dur,arc-sb-20261004-spatial-z-xy-dur-eval,arc-sb-20261004-spatial-1,arc-sb-20261004-spatial-1,WAITING,WAITING,0,arc-sx-20261003-spatial-z-xy-dur,UNSTARTED_REQUEUED,0,arc-sx-20261003-spatial-z-xy-dur-eval,RECOVERY_SUBMITTED,
libero_spatial,angular_driver,stk,arc-sb-20261004-spatial-angular-driver-stk,arc-sb-20261004-spatial-angular-driver-stk-eval,arc-sb-20261004-spatial-1,arc-sb-20261004-spatial-1,WAITING,WAITING,0,arc-sx-20261003-spatial-angular-driver-stk,UNSTARTED_REQUEUED,0,arc-sx-20261003-spatial-angular-driver-stk-eval,RECOVERY_SUBMITTED,
libero_spatial,angular_driver,dur,arc-sb-20261004-spatial-angular-driver-dur,arc-sb-20261004-spatial-angular-driver-dur-eval,arc-sb-20261004-spatial-1,arc-sb-20261004-spatial-1,WAITING,WAITING,0,arc-sx-20261003-spatial-angular-driver-dur,UNSTARTED_REQUEUED,0,arc-sx-20261003-spatial-angular-driver-dur-eval,RECOVERY_SUBMITTED,
libero_spatial,angular_scalar,stk,arc-sb-20261004-spatial-angular-scalar-stk,arc-sb-20261004-spatial-angular-scalar-stk-eval,arc-sb-20261004-spatial-1,arc-sb-20261004-spatial-1,WAITING,WAITING,0,arc-sx-20261003-spatial-angular-scalar-stk,UNSTARTED_REQUEUED,0,arc-sx-20261003-spatial-angular-scalar-stk-eval,RECOVERY_SUBMITTED,
libero_spatial,angular_scalar,dur,arc-sb-20261004-spatial-angular-scalar-dur,arc-sb-20261004-spatial-angular-scalar-dur-eval,arc-sb-20261004-spatial-1,arc-sb-20261004-spatial-1,WAITING,WAITING,0,arc-sx-20261003-spatial-angular-scalar-dur,UNSTARTED_REQUEUED,0,arc-sx-20261003-spatial-angular-scalar-dur-eval,RECOVERY_SUBMITTED,
libero_spatial,all_scalar,stk,arc-sb-20261004-spatial-all-scalar-stk,arc-sb-20261004-spatial-all-scalar-stk-eval,arc-sb-20261004-spatial-1,arc-sb-20261004-spatial-1,WAITING,WAITING,0,arc-sx-20261003-spatial-all-scalar-stk,UNSTARTED_REQUEUED,0,arc-sx-20261003-spatial-all-scalar-stk-eval,RECOVERY_SUBMITTED,
libero_spatial,all_scalar,dur,arc-sb-20261004-spatial-all-scalar-dur,arc-sb-20261004-spatial-all-scalar-dur-eval,arc-sb-20261004-spatial-1,arc-sb-20261004-spatial-1,WAITING,WAITING,0,arc-sx-20261003-spatial-all-scalar-dur,UNSTARTED_REQUEUED,0,arc-sx-20261003-spatial-all-scalar-dur-eval,RECOVERY_SUBMITTED,
libero_object,reference,stk,arc-sr-20261003-object-reference-stk,arc-sr-20261003-object-reference-stk-eval,arc-sr-20261003-object-1,arc-sr-20261003-object-1,COMPLETED,COMPLETED,100.0,arc-sr-20261003-object-reference-stk,TRAINING_COMPLETE,2500,arc-sr-20261003-object-reference-stk-eval,POLICY_EVALUATION_COMPLETE,47.16
libero_object,reference,dur,arc-sr-20261003-object-reference-dur,arc-sc-20261004-object-reference-dur-eval,arc-sr-20261003-object-1,arc-sc-20261004-object-reference-dur-eval-1,COMPLETED,RUNNING,100.0,arc-sr-20261003-object-reference-dur,TRAINING_COMPLETE,1711,arc-sc-20261004-object-reference-dur-eval,ROLLOUTS,
libero_object,gripper,stk,arc-sr-20261003-object-gripper-stk,arc-sc-20261004-object-gripper-stk-eval,arc-sr-20261003-object-1,arc-sc-20261004-object-gripper-stk-eval-1,COMPLETED,RUNNING,100.0,arc-sr-20261003-object-gripper-stk,TRAINING_COMPLETE,14,arc-sc-20261004-object-gripper-stk-eval,ROLLOUTS,
libero_object,component_time,dur,arc-sr-20261003-object-component-time-dur,arc-sc-20261004-object-component-time-dur-eval,arc-sr-20261003-object-1,arc-sc-20261004-object-component-time-dur-eval-1,COMPLETED,WAITING,100.0,arc-sr-20261003-object-component-time-dur,TRAINING_COMPLETE,0,arc-sr-20261003-object-component-time-dur-eval,RECOVERY_SUBMITTED,
libero_object,gripper,dur,arc-sx-20261003-object-gripper-dur,arc-sv-20261004-object-gripper-dur-eval,arc-sx-20261003-object-1,arc-sv-20261004-object-1,COMPLETED,WAITING,100.0,arc-sx-20261003-object-gripper-dur,TRAINING_COMPLETE,0,arc-sx-20261003-object-gripper-dur-eval,RECOVERY_SUBMITTED,
libero_object,xyz_scalar,stk,arc-sx-20261003-object-xyz-scalar-stk,arc-sv-20261004-object-xyz-scalar-stk-eval,arc-sx-20261003-object-1,arc-sv-20261004-object-1,COMPLETED,RUNNING,100.0,arc-sx-20261003-object-xyz-scalar-stk,TRAINING_COMPLETE,0,arc-sv-20261004-object-xyz-scalar-stk-eval,ROLLOUTS,
libero_object,xyz_scalar,dur,arc-sx-20261003-object-xyz-scalar-dur,arc-sv-20261004-object-xyz-scalar-dur-eval,arc-sx-20261003-object-1,arc-sv-20261004-object-1,COMPLETED,WAITING,100.0,arc-sx-20261003-object-xyz-scalar-dur,TRAINING_COMPLETE,0,arc-sx-20261003-object-xyz-scalar-dur-eval,RECOVERY_SUBMITTED,
libero_object,component_velocity,stk,arc-sx-20261003-object-component-velocity-stk,arc-sv-20261004-object-component-velocity-stk-eval,arc-sx-20261003-object-1,arc-sv-20261004-object-1,COMPLETED,RUNNING,100.0,arc-sx-20261003-object-component-velocity-stk,TRAINING_COMPLETE,4,arc-sv-20261004-object-component-velocity-stk-eval,ROLLOUTS,
libero_object,component_velocity,dur,arc-sx-20261003-object-component-velocity-dur,arc-sv-20261004-object-component-velocity-dur-eval,arc-sx-20261003-object-1,arc-sv-20261004-object-1,COMPLETED,WAITING,100.0,arc-sx-20261003-object-component-velocity-dur,TRAINING_COMPLETE,0,arc-sx-20261003-object-component-velocity-dur-eval,RECOVERY_SUBMITTED,
libero_object,component_time,stk,arc-sx-20261003-object-component-time-stk,arc-sv-20261004-object-component-time-stk-eval,arc-sx-20261003-object-1,arc-sv-20261004-object-1,COMPLETED,WAITING,100.0,arc-sx-20261003-object-component-time-stk,TRAINING_COMPLETE,0,arc-sx-20261003-object-component-time-stk-eval,RECOVERY_SUBMITTED,
libero_object,x_yz,stk,arc-sx-20261003-object-x-yz-stk,arc-sv-20261004-object-x-yz-stk-eval,arc-sx-20261003-object-1,arc-sv-20261004-object-1,RUNNING,WAITING,73.99,arc-sx-20261003-object-x-yz-stk,TRAINING,0,arc-sx-20261003-object-x-yz-stk-eval,RECOVERY_SUBMITTED,
libero_object,x_yz,dur,arc-sx-20261003-object-x-yz-dur,arc-sv-20261004-object-x-yz-dur-eval,arc-sx-20261003-object-1,arc-sv-20261004-object-1,RUNNING,WAITING,79.18,arc-sx-20261003-object-x-yz-dur,TRAINING,0,arc-sx-20261003-object-x-yz-dur-eval,RECOVERY_SUBMITTED,
libero_object,y_xz,stk,arc-sx-20261003-object-y-xz-stk,arc-sv-20261004-object-y-xz-stk-eval,arc-sx-20261003-object-1,arc-sv-20261004-object-1,RUNNING,WAITING,78.38,arc-sx-20261003-object-y-xz-stk,TRAINING,0,arc-sx-20261003-object-y-xz-stk-eval,RECOVERY_SUBMITTED,
libero_object,y_xz,dur,arc-sx-20261003-object-y-xz-dur,arc-sv-20261004-object-y-xz-dur-eval,arc-sx-20261003-object-1,arc-sv-20261004-object-1,RUNNING,WAITING,77.18,arc-sx-20261003-object-y-xz-dur,TRAINING,0,arc-sx-20261003-object-y-xz-dur-eval,RECOVERY_SUBMITTED,
libero_object,z_xy,stk,arc-sx-20261003-object-z-xy-stk,arc-sv-20261004-object-z-xy-stk-eval,arc-sx-20261003-object-1,arc-sv-20261004-object-1,RUNNING,WAITING,78.78,arc-sx-20261003-object-z-xy-stk,TRAINING,0,arc-sx-20261003-object-z-xy-stk-eval,RECOVERY_SUBMITTED,
libero_object,z_xy,dur,arc-sx-20261003-object-z-xy-dur,arc-sv-20261004-object-z-xy-dur-eval,arc-sx-20261003-object-1,arc-sv-20261004-object-1,RUNNING,WAITING,71.59,arc-sx-20261003-object-z-xy-dur,TRAINING,0,arc-sx-20261003-object-z-xy-dur-eval,RECOVERY_SUBMITTED,
libero_object,angular_driver,stk,arc-sx-20261003-object-angular-driver-stk,arc-sv-20261004-object-angular-driver-stk-eval,arc-sx-20261003-object-1,arc-sv-20261004-object-1,WAITING,WAITING,0,arc-sx-20261003-object-angular-driver-stk,NO_ARTIFACTS,0,arc-sx-20261003-object-angular-driver-stk-eval,RECOVERY_SUBMITTED,
libero_object,angular_driver,dur,arc-sx-20261003-object-angular-driver-dur,arc-sv-20261004-object-angular-driver-dur-eval,arc-sx-20261003-object-1,arc-sv-20261004-object-1,WAITING,WAITING,0,arc-sx-20261003-object-angular-driver-dur,NO_ARTIFACTS,0,arc-sx-20261003-object-angular-driver-dur-eval,RECOVERY_SUBMITTED,
libero_object,angular_scalar,stk,arc-sx-20261003-object-angular-scalar-stk,arc-sv-20261004-object-angular-scalar-stk-eval,arc-sx-20261003-object-1,arc-sv-20261004-object-1,WAITING,WAITING,0,arc-sx-20261003-object-angular-scalar-stk,NO_ARTIFACTS,0,arc-sx-20261003-object-angular-scalar-stk-eval,RECOVERY_SUBMITTED,
libero_object,angular_scalar,dur,arc-sx-20261003-object-angular-scalar-dur,arc-sv-20261004-object-angular-scalar-dur-eval,arc-sx-20261003-object-1,arc-sv-20261004-object-1,WAITING,WAITING,0,arc-sx-20261003-object-angular-scalar-dur,NO_ARTIFACTS,0,arc-sx-20261003-object-angular-scalar-dur-eval,RECOVERY_SUBMITTED,
libero_object,all_scalar,stk,arc-sx-20261003-object-all-scalar-stk,arc-sv-20261004-object-all-scalar-stk-eval,arc-sx-20261003-object-1,arc-sv-20261004-object-1,WAITING,WAITING,0,arc-sx-20261003-object-all-scalar-stk,NO_ARTIFACTS,0,arc-sx-20261003-object-all-scalar-stk-eval,RECOVERY_SUBMITTED,
libero_object,all_scalar,dur,arc-sx-20261003-object-all-scalar-dur,arc-sv-20261004-object-all-scalar-dur-eval,arc-sx-20261003-object-1,arc-sv-20261004-object-1,WAITING,WAITING,0,arc-sx-20261003-object-all-scalar-dur,NO_ARTIFACTS,0,arc-sx-20261003-object-all-scalar-dur-eval,RECOVERY_SUBMITTED,
libero_goal,reference,stk,arc-str-20261002r2-goal-reference-stk,arc-se-20261003-goal-reference-stk-eval,arc-str-20261002r2-goal-1,arc-se-20261003-goal-reference-stk-eval-1,COMPLETED,COMPLETED,100.0,arc-str-20261002r2-goal-reference-stk,TRAINING_COMPLETE,2500,arc-se-20261003-goal-reference-stk-eval,POLICY_EVALUATION_COMPLETE,85.52
libero_goal,reference,dur,arc-sr-20261003-goal-reference-dur,arc-sr-20261003-goal-reference-dur-eval,arc-sr-20261003-goal-1,arc-sr-20261003-goal-1,COMPLETED,COMPLETED,100.0,arc-sr-20261003-goal-reference-dur,TRAINING_COMPLETE,2500,arc-sr-20261003-goal-reference-dur-eval,POLICY_EVALUATION_COMPLETE,89.36
libero_goal,gripper,stk,arc-sr-20261003-goal-gripper-stk,arc-sr-20261003-goal-gripper-stk-eval,arc-sr-20261003-goal-1,arc-sr-20261003-goal-1,COMPLETED,COMPLETED,100.0,arc-sr-20261003-goal-gripper-stk,TRAINING_COMPLETE,2500,arc-sr-20261003-goal-gripper-stk-eval,POLICY_EVALUATION_COMPLETE,87.04
libero_goal,component_time,dur,arc-sr-20261003-goal-component-time-dur,arc-sc-20261004-goal-component-time-dur-eval,arc-sr-20261003-goal-1,arc-sc-20261004-goal-component-time-dur-eval-1,COMPLETED,RUNNING,100.0,arc-sr-20261003-goal-component-time-dur,TRAINING_COMPLETE,904,arc-sc-20261004-goal-component-time-dur-eval,ROLLOUTS,
libero_goal,gripper,dur,arc-sb-20261004-goal-gripper-dur,arc-sb-20261004-goal-gripper-dur-eval,arc-sb-20261004-goal-1,arc-sb-20261004-goal-1,INITIALIZING,WAITING,90.78,arc-sx-20261003-goal-gripper-dur,RESUME_SUBMITTED,0,arc-sx-20261003-goal-gripper-dur-eval,RECOVERY_SUBMITTED,
libero_goal,xyz_scalar,stk,arc-sb-20261004-goal-xyz-scalar-stk,arc-sb-20261004-goal-xyz-scalar-stk-eval,arc-sb-20261004-goal-1,arc-sb-20261004-goal-1,INITIALIZING,WAITING,91.18,arc-sx-20261003-goal-xyz-scalar-stk,RESUME_SUBMITTED,0,arc-sx-20261003-goal-xyz-scalar-stk-eval,RECOVERY_SUBMITTED,
libero_goal,xyz_scalar,dur,arc-sb-20261004-goal-xyz-scalar-dur,arc-sb-20261004-goal-xyz-scalar-dur-eval,arc-sb-20261004-goal-1,arc-sb-20261004-goal-1,RUNNING,WAITING,90.78,arc-sx-20261003-goal-xyz-scalar-dur,STAGING_DATA,0,arc-sx-20261003-goal-xyz-scalar-dur-eval,RECOVERY_SUBMITTED,
libero_goal,component_velocity,stk,arc-sb-20261004-goal-component-velocity-stk,arc-sb-20261004-goal-component-velocity-stk-eval,arc-sb-20261004-goal-1,arc-sb-20261004-goal-1,INITIALIZING,WAITING,90.18,arc-sx-20261003-goal-component-velocity-stk,RESUME_SUBMITTED,0,arc-sx-20261003-goal-component-velocity-stk-eval,RECOVERY_SUBMITTED,
libero_goal,component_velocity,dur,arc-sb-20261004-goal-component-velocity-dur,arc-sb-20261004-goal-component-velocity-dur-eval,arc-sb-20261004-goal-1,arc-sb-20261004-goal-1,RUNNING,WAITING,90.38,arc-sx-20261003-goal-component-velocity-dur,STAGING_DATA,0,arc-sx-20261003-goal-component-velocity-dur-eval,RECOVERY_SUBMITTED,
libero_goal,component_time,stk,arc-sb-20261004-goal-component-time-stk,arc-sb-20261004-goal-component-time-stk-eval,arc-sb-20261004-goal-1,arc-sb-20261004-goal-1,INITIALIZING,WAITING,86.98,arc-sx-20261003-goal-component-time-stk,RESUME_SUBMITTED,0,arc-sx-20261003-goal-component-time-stk-eval,RECOVERY_SUBMITTED,
libero_goal,x_yz,stk,arc-sb-20261004-goal-x-yz-stk,arc-sb-20261004-goal-x-yz-stk-eval,arc-sb-20261004-goal-1,arc-sb-20261004-goal-1,WAITING,WAITING,0,arc-sx-20261003-goal-x-yz-stk,UNSTARTED_REQUEUED,0,arc-sx-20261003-goal-x-yz-stk-eval,RECOVERY_SUBMITTED,
libero_goal,x_yz,dur,arc-sb-20261004-goal-x-yz-dur,arc-sb-20261004-goal-x-yz-dur-eval,arc-sb-20261004-goal-1,arc-sb-20261004-goal-1,WAITING,WAITING,0,arc-sx-20261003-goal-x-yz-dur,UNSTARTED_REQUEUED,0,arc-sx-20261003-goal-x-yz-dur-eval,RECOVERY_SUBMITTED,
libero_goal,y_xz,stk,arc-sb-20261004-goal-y-xz-stk,arc-sb-20261004-goal-y-xz-stk-eval,arc-sb-20261004-goal-1,arc-sb-20261004-goal-1,WAITING,WAITING,0,arc-sx-20261003-goal-y-xz-stk,UNSTARTED_REQUEUED,0,arc-sx-20261003-goal-y-xz-stk-eval,RECOVERY_SUBMITTED,
libero_goal,y_xz,dur,arc-sb-20261004-goal-y-xz-dur,arc-sb-20261004-goal-y-xz-dur-eval,arc-sb-20261004-goal-1,arc-sb-20261004-goal-1,WAITING,WAITING,0,arc-sx-20261003-goal-y-xz-dur,UNSTARTED_REQUEUED,0,arc-sx-20261003-goal-y-xz-dur-eval,RECOVERY_SUBMITTED,
libero_goal,z_xy,stk,arc-sb-20261004-goal-z-xy-stk,arc-sb-20261004-goal-z-xy-stk-eval,arc-sb-20261004-goal-1,arc-sb-20261004-goal-1,WAITING,WAITING,0,arc-sx-20261003-goal-z-xy-stk,UNSTARTED_REQUEUED,0,arc-sx-20261003-goal-z-xy-stk-eval,RECOVERY_SUBMITTED,
libero_goal,z_xy,dur,arc-sb-20261004-goal-z-xy-dur,arc-sb-20261004-goal-z-xy-dur-eval,arc-sb-20261004-goal-1,arc-sb-20261004-goal-1,WAITING,WAITING,0,arc-sx-20261003-goal-z-xy-dur,UNSTARTED_REQUEUED,0,arc-sx-20261003-goal-z-xy-dur-eval,RECOVERY_SUBMITTED,
libero_goal,angular_driver,stk,arc-sb-20261004-goal-angular-driver-stk,arc-sb-20261004-goal-angular-driver-stk-eval,arc-sb-20261004-goal-1,arc-sb-20261004-goal-1,WAITING,WAITING,0,arc-sx-20261003-goal-angular-driver-stk,UNSTARTED_REQUEUED,0,arc-sx-20261003-goal-angular-driver-stk-eval,RECOVERY_SUBMITTED,
libero_goal,angular_driver,dur,arc-sb-20261004-goal-angular-driver-dur,arc-sb-20261004-goal-angular-driver-dur-eval,arc-sb-20261004-goal-1,arc-sb-20261004-goal-1,WAITING,WAITING,0,arc-sx-20261003-goal-angular-driver-dur,UNSTARTED_REQUEUED,0,arc-sx-20261003-goal-angular-driver-dur-eval,RECOVERY_SUBMITTED,
libero_goal,angular_scalar,stk,arc-sb-20261004-goal-angular-scalar-stk,arc-sb-20261004-goal-angular-scalar-stk-eval,arc-sb-20261004-goal-1,arc-sb-20261004-goal-1,WAITING,WAITING,0,arc-sx-20261003-goal-angular-scalar-stk,UNSTARTED_REQUEUED,0,arc-sx-20261003-goal-angular-scalar-stk-eval,RECOVERY_SUBMITTED,
libero_goal,angular_scalar,dur,arc-sb-20261004-goal-angular-scalar-dur,arc-sb-20261004-goal-angular-scalar-dur-eval,arc-sb-20261004-goal-1,arc-sb-20261004-goal-1,WAITING,WAITING,0,arc-sx-20261003-goal-angular-scalar-dur,UNSTARTED_REQUEUED,0,arc-sx-20261003-goal-angular-scalar-dur-eval,RECOVERY_SUBMITTED,
libero_goal,all_scalar,stk,arc-sb-20261004-goal-all-scalar-stk,arc-sb-20261004-goal-all-scalar-stk-eval,arc-sb-20261004-goal-1,arc-sb-20261004-goal-1,WAITING,WAITING,0,arc-sx-20261003-goal-all-scalar-stk,UNSTARTED_REQUEUED,0,arc-sx-20261003-goal-all-scalar-stk-eval,RECOVERY_SUBMITTED,
libero_goal,all_scalar,dur,arc-sb-20261004-goal-all-scalar-dur,arc-sb-20261004-goal-all-scalar-dur-eval,arc-sb-20261004-goal-1,arc-sb-20261004-goal-1,WAITING,WAITING,0,arc-sx-20261003-goal-all-scalar-dur,UNSTARTED_REQUEUED,0,arc-sx-20261003-goal-all-scalar-dur-eval,RECOVERY_SUBMITTED,
libero_10,reference,stk,arc-sr-20261003-10-reference-stk,arc-sr-20261003-10-reference-stk-eval,arc-sr-20261003-10-1,arc-sr-20261003-10-1,COMPLETED,COMPLETED,100.0,arc-sr-20261003-10-reference-stk,TRAINING_COMPLETE,2500,arc-sr-20261003-10-reference-stk-eval,POLICY_EVALUATION_COMPLETE,54.64
libero_10,reference,dur,arc-sr-20261003-10-reference-dur,arc-sr-20261003-10-reference-dur-eval,arc-sr-20261003-10-1,arc-sr-20261003-10-1,COMPLETED,COMPLETED,100.0,arc-sr-20261003-10-reference-dur,TRAINING_COMPLETE,2500,arc-sr-20261003-10-reference-dur-eval,POLICY_EVALUATION_COMPLETE,53.8
libero_10,gripper,stk,arc-sr-20261003-10-gripper-stk,arc-sr-20261003-10-gripper-stk-eval,arc-sr-20261003-10-1,arc-sr-20261003-10-1,COMPLETED,RUNNING,100.0,arc-sr-20261003-10-gripper-stk,TRAINING_COMPLETE,1635,arc-sr-20261003-10-gripper-stk-eval,ROLLOUTS,
libero_10,component_time,dur,arc-sr-20261003-10-component-time-dur,arc-sr-20261003-10-component-time-dur-eval,arc-sr-20261003-10-1,arc-sr-20261003-10-1,COMPLETED,WAITING,100.0,arc-sr-20261003-10-component-time-dur,TRAINING_COMPLETE,0,arc-sr-20261003-10-component-time-dur-eval,NO_ARTIFACTS,
libero_10,gripper,dur,arc-sb-20261004-10-gripper-dur,arc-sb-20261004-10-gripper-dur-eval,arc-sb-20261004-10-1,arc-sb-20261004-10-1,SCHEDULING,WAITING,43.99,arc-sx-20261003-10-gripper-dur,RESUME_SUBMITTED,0,arc-sx-20261003-10-gripper-dur-eval,RECOVERY_SUBMITTED,
libero_10,xyz_scalar,stk,arc-sb-20261004-10-xyz-scalar-stk,arc-sb-20261004-10-xyz-scalar-stk-eval,arc-sb-20261004-10-1,arc-sb-20261004-10-1,SCHEDULING,WAITING,44.79,arc-sx-20261003-10-xyz-scalar-stk,RESUME_SUBMITTED,0,arc-sx-20261003-10-xyz-scalar-stk-eval,RECOVERY_SUBMITTED,
libero_10,xyz_scalar,dur,arc-sb-20261004-10-xyz-scalar-dur,arc-sb-20261004-10-xyz-scalar-dur-eval,arc-sb-20261004-10-1,arc-sb-20261004-10-1,SCHEDULING,WAITING,42.39,arc-sx-20261003-10-xyz-scalar-dur,RESUME_SUBMITTED,0,arc-sx-20261003-10-xyz-scalar-dur-eval,RECOVERY_SUBMITTED,
libero_10,component_velocity,stk,arc-sb-20261004-10-component-velocity-stk,arc-sb-20261004-10-component-velocity-stk-eval,arc-sb-20261004-10-1,arc-sb-20261004-10-1,SCHEDULING,WAITING,44.39,arc-sx-20261003-10-component-velocity-stk,RESUME_SUBMITTED,0,arc-sx-20261003-10-component-velocity-stk-eval,RECOVERY_SUBMITTED,
libero_10,component_velocity,dur,arc-sb-20261004-10-component-velocity-dur,arc-sb-20261004-10-component-velocity-dur-eval,arc-sb-20261004-10-1,arc-sb-20261004-10-1,SCHEDULING,WAITING,44.19,arc-sx-20261003-10-component-velocity-dur,RESUME_SUBMITTED,0,arc-sx-20261003-10-component-velocity-dur-eval,RECOVERY_SUBMITTED,
libero_10,component_time,stk,arc-sb-20261004-10-component-time-stk,arc-sb-20261004-10-component-time-stk-eval,arc-sb-20261004-10-1,arc-sb-20261004-10-1,SCHEDULING,WAITING,40.79,arc-sx-20261003-10-component-time-stk,RESUME_SUBMITTED,0,arc-sx-20261003-10-component-time-stk-eval,RECOVERY_SUBMITTED,
libero_10,x_yz,stk,arc-sb-20261004-10-x-yz-stk,arc-sb-20261004-10-x-yz-stk-eval,arc-sb-20261004-10-1,arc-sb-20261004-10-1,WAITING,WAITING,0,arc-sx-20261003-10-x-yz-stk,UNSTARTED_REQUEUED,0,arc-sx-20261003-10-x-yz-stk-eval,RECOVERY_SUBMITTED,
libero_10,x_yz,dur,arc-sb-20261004-10-x-yz-dur,arc-sb-20261004-10-x-yz-dur-eval,arc-sb-20261004-10-1,arc-sb-20261004-10-1,WAITING,WAITING,0,arc-sx-20261003-10-x-yz-dur,UNSTARTED_REQUEUED,0,arc-sx-20261003-10-x-yz-dur-eval,RECOVERY_SUBMITTED,
libero_10,y_xz,stk,arc-sb-20261004-10-y-xz-stk,arc-sb-20261004-10-y-xz-stk-eval,arc-sb-20261004-10-1,arc-sb-20261004-10-1,WAITING,WAITING,0,arc-sx-20261003-10-y-xz-stk,UNSTARTED_REQUEUED,0,arc-sx-20261003-10-y-xz-stk-eval,RECOVERY_SUBMITTED,
libero_10,y_xz,dur,arc-sb-20261004-10-y-xz-dur,arc-sb-20261004-10-y-xz-dur-eval,arc-sb-20261004-10-1,arc-sb-20261004-10-1,WAITING,WAITING,0,arc-sx-20261003-10-y-xz-dur,UNSTARTED_REQUEUED,0,arc-sx-20261003-10-y-xz-dur-eval,RECOVERY_SUBMITTED,
libero_10,z_xy,stk,arc-sb-20261004-10-z-xy-stk,arc-sb-20261004-10-z-xy-stk-eval,arc-sb-20261004-10-1,arc-sb-20261004-10-1,WAITING,WAITING,0,arc-sx-20261003-10-z-xy-stk,UNSTARTED_REQUEUED,0,arc-sx-20261003-10-z-xy-stk-eval,RECOVERY_SUBMITTED,
libero_10,z_xy,dur,arc-sb-20261004-10-z-xy-dur,arc-sb-20261004-10-z-xy-dur-eval,arc-sb-20261004-10-1,arc-sb-20261004-10-1,WAITING,WAITING,0,arc-sx-20261003-10-z-xy-dur,UNSTARTED_REQUEUED,0,arc-sx-20261003-10-z-xy-dur-eval,RECOVERY_SUBMITTED,
libero_10,angular_driver,stk,arc-sb-20261004-10-angular-driver-stk,arc-sb-20261004-10-angular-driver-stk-eval,arc-sb-20261004-10-1,arc-sb-20261004-10-1,WAITING,WAITING,0,arc-sx-20261003-10-angular-driver-stk,UNSTARTED_REQUEUED,0,arc-sx-20261003-10-angular-driver-stk-eval,RECOVERY_SUBMITTED,
libero_10,angular_driver,dur,arc-sb-20261004-10-angular-driver-dur,arc-sb-20261004-10-angular-driver-dur-eval,arc-sb-20261004-10-1,arc-sb-20261004-10-1,WAITING,WAITING,0,arc-sx-20261003-10-angular-driver-dur,UNSTARTED_REQUEUED,0,arc-sx-20261003-10-angular-driver-dur-eval,RECOVERY_SUBMITTED,
libero_10,angular_scalar,stk,arc-sb-20261004-10-angular-scalar-stk,arc-sb-20261004-10-angular-scalar-stk-eval,arc-sb-20261004-10-1,arc-sb-20261004-10-1,WAITING,WAITING,0,arc-sx-20261003-10-angular-scalar-stk,UNSTARTED_REQUEUED,0,arc-sx-20261003-10-angular-scalar-stk-eval,RECOVERY_SUBMITTED,
libero_10,angular_scalar,dur,arc-sb-20261004-10-angular-scalar-dur,arc-sb-20261004-10-angular-scalar-dur-eval,arc-sb-20261004-10-1,arc-sb-20261004-10-1,WAITING,WAITING,0,arc-sx-20261003-10-angular-scalar-dur,UNSTARTED_REQUEUED,0,arc-sx-20261003-10-angular-scalar-dur-eval,RECOVERY_SUBMITTED,
libero_10,all_scalar,stk,arc-sb-20261004-10-all-scalar-stk,arc-sb-20261004-10-all-scalar-stk-eval,arc-sb-20261004-10-1,arc-sb-20261004-10-1,WAITING,WAITING,0,arc-sx-20261003-10-all-scalar-stk,UNSTARTED_REQUEUED,0,arc-sx-20261003-10-all-scalar-stk-eval,RECOVERY_SUBMITTED,
libero_10,all_scalar,dur,arc-sb-20261004-10-all-scalar-dur,arc-sb-20261004-10-all-scalar-dur-eval,arc-sb-20261004-10-1,arc-sb-20261004-10-1,WAITING,WAITING,0,arc-sx-20261003-10-all-scalar-dur,UNSTARTED_REQUEUED,0,arc-sx-20261003-10-all-scalar-dur-eval,RECOVERY_SUBMITTED,
