suite,variant,mode,training_state,saved_training_percent_at_least,evaluation_state,episodes,success_rate_percent,success_rate_std_percent,observed_at_utc,training_workflow,evaluation_workflow
libero_spatial,reference,stk,TRAINING_COMPLETE,100.0,POLICY_EVALUATION_COMPLETE,2500,68.64,1.506,2026-10-04T05:44:47.040937+00:00,arc-str-20261002r2-spatial-1,arc-se-20261003-spatial-reference-stk-eval-1
libero_spatial,reference,dur,TRAINING_COMPLETE,100.0,ROLLOUTS,1715,,,2026-10-04T05:44:47.040937+00:00,arc-sr-20261003-spatial-1,arc-sr-20261003-spatial-1
libero_spatial,gripper,stk,TRAINING_COMPLETE,100.0,PENDING,0,,,2026-10-04T05:44:47.040937+00:00,arc-sr-20261003-spatial-1,arc-sr-20261003-spatial-1
libero_spatial,component_time,dur,TRAINING_COMPLETE,100.0,PENDING,0,,,2026-10-04T05:44:47.040937+00:00,arc-sr-20261003-spatial-1,arc-sr-20261003-spatial-1
libero_spatial,gripper,dur,TRAINING,67.19,PENDING,0,,,2026-10-04T05:44:47.040937+00:00,arc-sx-20261003-spatial-1,arc-sx-20261003-spatial-1
libero_spatial,xyz_scalar,stk,TRAINING,66.99,PENDING,0,,,2026-10-04T05:44:47.040937+00:00,arc-sx-20261003-spatial-1,arc-sx-20261003-spatial-1
libero_spatial,xyz_scalar,dur,TRAINING,38.79,PENDING,0,,,2026-10-04T05:44:47.040937+00:00,arc-sf-20261004-spatial-1,arc-sf-20261004-spatial-1
libero_spatial,component_velocity,stk,TRAINING,66.39,PENDING,0,,,2026-10-04T05:44:47.040937+00:00,arc-sx-20261003-spatial-1,arc-sf-20261004-spatial-1
libero_spatial,component_velocity,dur,TRAINING,67.79,PENDING,0,,,2026-10-04T05:44:47.040937+00:00,arc-sx-20261003-spatial-1,arc-sf-20261004-spatial-1
libero_spatial,component_time,stk,TRAINING,62.79,PENDING,0,,,2026-10-04T05:44:47.040937+00:00,arc-sx-20261003-spatial-1,arc-sf-20261004-spatial-1
libero_spatial,x_yz,stk,NOT_STARTED,0,PENDING,0,,,2026-10-04T05:44:47.040937+00:00,arc-sx-20261003-spatial-1,arc-sf-20261004-spatial-1
libero_spatial,x_yz,dur,NOT_STARTED,0,PENDING,0,,,2026-10-04T05:44:47.040937+00:00,arc-sx-20261003-spatial-1,arc-sf-20261004-spatial-1
libero_spatial,y_xz,stk,NOT_STARTED,0,PENDING,0,,,2026-10-04T05:44:47.040937+00:00,arc-sf-20261004-spatial-1,arc-sf-20261004-spatial-1
libero_spatial,y_xz,dur,NOT_STARTED,0,PENDING,0,,,2026-10-04T05:44:47.040937+00:00,arc-sx-20261003-spatial-1,arc-sf-20261004-spatial-1
libero_spatial,z_xy,stk,NOT_STARTED,0,PENDING,0,,,2026-10-04T05:44:47.040937+00:00,arc-sx-20261003-spatial-1,arc-sf-20261004-spatial-1
libero_spatial,z_xy,dur,NOT_STARTED,0,PENDING,0,,,2026-10-04T05:44:47.040937+00:00,arc-sx-20261003-spatial-1,arc-sf-20261004-spatial-1
libero_spatial,angular_driver,stk,NOT_STARTED,0,PENDING,0,,,2026-10-04T05:44:47.040937+00:00,arc-sx-20261003-spatial-1,arc-sf-20261004-spatial-1
libero_spatial,angular_driver,dur,NOT_STARTED,0,PENDING,0,,,2026-10-04T05:44:47.040937+00:00,arc-sx-20261003-spatial-1,arc-sf-20261004-spatial-1
libero_spatial,angular_scalar,stk,NOT_STARTED,0,PENDING,0,,,2026-10-04T05:44:47.040937+00:00,arc-sf-20261004-spatial-1,arc-sf-20261004-spatial-1
libero_spatial,angular_scalar,dur,NOT_STARTED,0,PENDING,0,,,2026-10-04T05:44:47.040937+00:00,arc-sx-20261003-spatial-1,arc-sf-20261004-spatial-1
libero_spatial,all_scalar,stk,NOT_STARTED,0,PENDING,0,,,2026-10-04T05:44:47.040937+00:00,arc-sx-20261003-spatial-1,arc-sf-20261004-spatial-1
libero_spatial,all_scalar,dur,NOT_STARTED,0,PENDING,0,,,2026-10-04T05:44:47.040937+00:00,arc-sx-20261003-spatial-1,arc-sf-20261004-spatial-1
libero_object,reference,stk,TRAINING_COMPLETE,100.0,POLICY_EVALUATION_COMPLETE,2500,47.16,0.817,2026-10-04T05:44:47.040937+00:00,arc-sr-20261003-object-1,arc-sr-20261003-object-1
libero_object,reference,dur,TRAINING_COMPLETE,100.0,ROLLOUTS,85,,,2026-10-04T05:44:47.040937+00:00,arc-sr-20261003-object-1,arc-sr-20261003-object-1
libero_object,gripper,stk,TRAINING_COMPLETE,100.0,PENDING,0,,,2026-10-04T05:44:47.040937+00:00,arc-sr-20261003-object-1,arc-sr-20261003-object-1
libero_object,component_time,dur,TRAINING,93.78,PENDING,0,,,2026-10-04T05:44:47.040937+00:00,arc-sr-20261003-object-1,arc-sr-20261003-object-1
libero_object,gripper,dur,TRAINING,53.99,PENDING,0,,,2026-10-04T05:44:47.040937+00:00,arc-sx-20261003-object-1,arc-sx-20261003-object-1
libero_object,xyz_scalar,stk,TRAINING,57.19,PENDING,0,,,2026-10-04T05:44:47.040937+00:00,arc-sx-20261003-object-1,arc-sx-20261003-object-1
libero_object,xyz_scalar,dur,TRAINING,57.19,PENDING,0,,,2026-10-04T05:44:47.040937+00:00,arc-sx-20261003-object-1,arc-sx-20261003-object-1
libero_object,component_velocity,stk,TRAINING,56.19,PENDING,0,,,2026-10-04T05:44:47.040937+00:00,arc-sx-20261003-object-1,arc-sx-20261003-object-1
libero_object,component_velocity,dur,TRAINING,56.99,PENDING,0,,,2026-10-04T05:44:47.040937+00:00,arc-sx-20261003-object-1,arc-sx-20261003-object-1
libero_object,component_time,stk,TRAINING,52.59,PENDING,0,,,2026-10-04T05:44:47.040937+00:00,arc-sx-20261003-object-1,arc-sx-20261003-object-1
libero_object,x_yz,stk,NOT_STARTED,0,PENDING,0,,,2026-10-04T05:44:47.040937+00:00,arc-sx-20261003-object-1,arc-sx-20261003-object-1
libero_object,x_yz,dur,NOT_STARTED,0,PENDING,0,,,2026-10-04T05:44:47.040937+00:00,arc-sx-20261003-object-1,arc-sx-20261003-object-1
libero_object,y_xz,stk,NOT_STARTED,0,PENDING,0,,,2026-10-04T05:44:47.040937+00:00,arc-sx-20261003-object-1,arc-sx-20261003-object-1
libero_object,y_xz,dur,NOT_STARTED,0,PENDING,0,,,2026-10-04T05:44:47.040937+00:00,arc-sx-20261003-object-1,arc-sx-20261003-object-1
libero_object,z_xy,stk,NOT_STARTED,0,PENDING,0,,,2026-10-04T05:44:47.040937+00:00,arc-sx-20261003-object-1,arc-sx-20261003-object-1
libero_object,z_xy,dur,NOT_STARTED,0,PENDING,0,,,2026-10-04T05:44:47.040937+00:00,arc-sx-20261003-object-1,arc-sx-20261003-object-1
libero_object,angular_driver,stk,NOT_STARTED,0,PENDING,0,,,2026-10-04T05:44:47.040937+00:00,arc-sx-20261003-object-1,arc-sx-20261003-object-1
libero_object,angular_driver,dur,NOT_STARTED,0,PENDING,0,,,2026-10-04T05:44:47.040937+00:00,arc-sx-20261003-object-1,arc-sx-20261003-object-1
libero_object,angular_scalar,stk,NOT_STARTED,0,PENDING,0,,,2026-10-04T05:44:47.040937+00:00,arc-sx-20261003-object-1,arc-sx-20261003-object-1
libero_object,angular_scalar,dur,NOT_STARTED,0,PENDING,0,,,2026-10-04T05:44:47.040937+00:00,arc-sx-20261003-object-1,arc-sx-20261003-object-1
libero_object,all_scalar,stk,NOT_STARTED,0,PENDING,0,,,2026-10-04T05:44:47.040937+00:00,arc-sx-20261003-object-1,arc-sx-20261003-object-1
libero_object,all_scalar,dur,NOT_STARTED,0,PENDING,0,,,2026-10-04T05:44:47.040937+00:00,arc-sx-20261003-object-1,arc-sx-20261003-object-1
libero_goal,reference,stk,TRAINING_COMPLETE,100.0,POLICY_EVALUATION_COMPLETE,2500,85.52,2.072,2026-10-04T05:44:47.040937+00:00,arc-str-20261002r2-goal-1,arc-se-20261003-goal-reference-stk-eval-1
libero_goal,reference,dur,TRAINING_COMPLETE,100.0,POLICY_EVALUATION_COMPLETE,2500,89.36,1.108,2026-10-04T05:44:47.040937+00:00,arc-sr-20261003-goal-1,arc-sr-20261003-goal-1
libero_goal,gripper,stk,TRAINING_COMPLETE,100.0,ROLLOUTS,68,,,2026-10-04T05:44:47.040937+00:00,arc-sr-20261003-goal-1,arc-sr-20261003-goal-1
libero_goal,component_time,dur,TRAINING_COMPLETE,100.0,PENDING,0,,,2026-10-04T05:44:47.040937+00:00,arc-sr-20261003-goal-1,arc-sr-20261003-goal-1
libero_goal,gripper,dur,TRAINING,65.59,PENDING,0,,,2026-10-04T05:44:47.040937+00:00,arc-sx-20261003-goal-1,arc-sx-20261003-goal-1
libero_goal,xyz_scalar,stk,TRAINING,65.79,PENDING,0,,,2026-10-04T05:44:47.040937+00:00,arc-sx-20261003-goal-1,arc-sx-20261003-goal-1
libero_goal,xyz_scalar,dur,TRAINING,65.59,PENDING,0,,,2026-10-04T05:44:47.040937+00:00,arc-sx-20261003-goal-1,arc-sx-20261003-goal-1
libero_goal,component_velocity,stk,TRAINING,64.99,PENDING,0,,,2026-10-04T05:44:47.040937+00:00,arc-sx-20261003-goal-1,arc-sx-20261003-goal-1
libero_goal,component_velocity,dur,TRAINING,65.19,PENDING,0,,,2026-10-04T05:44:47.040937+00:00,arc-sx-20261003-goal-1,arc-sx-20261003-goal-1
libero_goal,component_time,stk,TRAINING,62.99,PENDING,0,,,2026-10-04T05:44:47.040937+00:00,arc-sx-20261003-goal-1,arc-sx-20261003-goal-1
libero_goal,x_yz,stk,NOT_STARTED,0,PENDING,0,,,2026-10-04T05:44:47.040937+00:00,arc-sx-20261003-goal-1,arc-sx-20261003-goal-1
libero_goal,x_yz,dur,NOT_STARTED,0,PENDING,0,,,2026-10-04T05:44:47.040937+00:00,arc-sx-20261003-goal-1,arc-sx-20261003-goal-1
libero_goal,y_xz,stk,NOT_STARTED,0,PENDING,0,,,2026-10-04T05:44:47.040937+00:00,arc-sx-20261003-goal-1,arc-sx-20261003-goal-1
libero_goal,y_xz,dur,NOT_STARTED,0,PENDING,0,,,2026-10-04T05:44:47.040937+00:00,arc-sx-20261003-goal-1,arc-sx-20261003-goal-1
libero_goal,z_xy,stk,NOT_STARTED,0,PENDING,0,,,2026-10-04T05:44:47.040937+00:00,arc-sx-20261003-goal-1,arc-sx-20261003-goal-1
libero_goal,z_xy,dur,NOT_STARTED,0,PENDING,0,,,2026-10-04T05:44:47.040937+00:00,arc-sx-20261003-goal-1,arc-sx-20261003-goal-1
libero_goal,angular_driver,stk,NOT_STARTED,0,PENDING,0,,,2026-10-04T05:44:47.040937+00:00,arc-sx-20261003-goal-1,arc-sx-20261003-goal-1
libero_goal,angular_driver,dur,NOT_STARTED,0,PENDING,0,,,2026-10-04T05:44:47.040937+00:00,arc-sx-20261003-goal-1,arc-sx-20261003-goal-1
libero_goal,angular_scalar,stk,NOT_STARTED,0,PENDING,0,,,2026-10-04T05:44:47.040937+00:00,arc-sx-20261003-goal-1,arc-sx-20261003-goal-1
libero_goal,angular_scalar,dur,NOT_STARTED,0,PENDING,0,,,2026-10-04T05:44:47.040937+00:00,arc-sx-20261003-goal-1,arc-sx-20261003-goal-1
libero_goal,all_scalar,stk,NOT_STARTED,0,PENDING,0,,,2026-10-04T05:44:47.040937+00:00,arc-sx-20261003-goal-1,arc-sx-20261003-goal-1
libero_goal,all_scalar,dur,NOT_STARTED,0,PENDING,0,,,2026-10-04T05:44:47.040937+00:00,arc-sx-20261003-goal-1,arc-sx-20261003-goal-1
libero_10,reference,stk,TRAINING,89.58,PENDING,0,,,2026-10-04T05:44:47.040937+00:00,arc-sr-20261003-10-1,arc-sr-20261003-10-1
libero_10,reference,dur,TRAINING,55.79,PENDING,0,,,2026-10-04T05:44:47.040937+00:00,arc-sr-20261003-10-1,arc-sr-20261003-10-1
libero_10,gripper,stk,TRAINING,56.19,PENDING,0,,,2026-10-04T05:44:47.040937+00:00,arc-sr-20261003-10-1,arc-sr-20261003-10-1
libero_10,component_time,dur,TRAINING,51.99,PENDING,0,,,2026-10-04T05:44:47.040937+00:00,arc-sr-20261003-10-1,arc-sr-20261003-10-1
libero_10,gripper,dur,TRAINING,31.59,PENDING,0,,,2026-10-04T05:44:47.040937+00:00,arc-sx-20261003-10-1,arc-sx-20261003-10-1
libero_10,xyz_scalar,stk,TRAINING,32.19,PENDING,0,,,2026-10-04T05:44:47.040937+00:00,arc-sx-20261003-10-1,arc-sx-20261003-10-1
libero_10,xyz_scalar,dur,TRAINING,30.39,PENDING,0,,,2026-10-04T05:44:47.040937+00:00,arc-sx-20261003-10-1,arc-sx-20261003-10-1
libero_10,component_velocity,stk,TRAINING,31.99,PENDING,0,,,2026-10-04T05:44:47.040937+00:00,arc-sx-20261003-10-1,arc-sx-20261003-10-1
libero_10,component_velocity,dur,TRAINING,31.79,PENDING,0,,,2026-10-04T05:44:47.040937+00:00,arc-sx-20261003-10-1,arc-sx-20261003-10-1
libero_10,component_time,stk,TRAINING,29.19,PENDING,0,,,2026-10-04T05:44:47.040937+00:00,arc-sx-20261003-10-1,arc-sx-20261003-10-1
libero_10,x_yz,stk,NOT_STARTED,0,PENDING,0,,,2026-10-04T05:44:47.040937+00:00,arc-sx-20261003-10-1,arc-sx-20261003-10-1
libero_10,x_yz,dur,NOT_STARTED,0,PENDING,0,,,2026-10-04T05:44:47.040937+00:00,arc-sx-20261003-10-1,arc-sx-20261003-10-1
libero_10,y_xz,stk,NOT_STARTED,0,PENDING,0,,,2026-10-04T05:44:47.040937+00:00,arc-sx-20261003-10-1,arc-sx-20261003-10-1
libero_10,y_xz,dur,NOT_STARTED,0,PENDING,0,,,2026-10-04T05:44:47.040937+00:00,arc-sx-20261003-10-1,arc-sx-20261003-10-1
libero_10,z_xy,stk,NOT_STARTED,0,PENDING,0,,,2026-10-04T05:44:47.040937+00:00,arc-sx-20261003-10-1,arc-sx-20261003-10-1
libero_10,z_xy,dur,NOT_STARTED,0,PENDING,0,,,2026-10-04T05:44:47.040937+00:00,arc-sx-20261003-10-1,arc-sx-20261003-10-1
libero_10,angular_driver,stk,NOT_STARTED,0,PENDING,0,,,2026-10-04T05:44:47.040937+00:00,arc-sx-20261003-10-1,arc-sx-20261003-10-1
libero_10,angular_driver,dur,NOT_STARTED,0,PENDING,0,,,2026-10-04T05:44:47.040937+00:00,arc-sx-20261003-10-1,arc-sx-20261003-10-1
libero_10,angular_scalar,stk,NOT_STARTED,0,PENDING,0,,,2026-10-04T05:44:47.040937+00:00,arc-sx-20261003-10-1,arc-sx-20261003-10-1
libero_10,angular_scalar,dur,NOT_STARTED,0,PENDING,0,,,2026-10-04T05:44:47.040937+00:00,arc-sx-20261003-10-1,arc-sx-20261003-10-1
libero_10,all_scalar,stk,NOT_STARTED,0,PENDING,0,,,2026-10-04T05:44:47.040937+00:00,arc-sx-20261003-10-1,arc-sx-20261003-10-1
libero_10,all_scalar,dur,NOT_STARTED,0,PENDING,0,,,2026-10-04T05:44:47.040937+00:00,arc-sx-20261003-10-1,arc-sx-20261003-10-1
