episode_hash,bucket,tau_ep,operator,task,duration_s,hold_frac
2026-09-24-16-22-08-710000,medium,0.2632,Elmo,organize_stationary,32.63,0.644
2026-09-24-16-25-15-450000,medium,0.2487,Elmo,organize_stationary,32.10,0.653
2026-09-24-16-16-51-044000,slow,0.1839,Elmo,organize_stationary,35.57,0.617
2026-09-24-16-34-19-936000,slow,0.2068,Elmo,organize_stationary,40.37,0.649
2026-09-24-16-37-25-665000,slow,0.1887,Elmo,organize_stationary,40.57,0.681
2026-09-24-16-41-18-274000,slow,0.1877,Elmo,organize_stationary,35.27,0.659
2026-09-24-16-44-07-331000,medium,0.2459,Elmo,organize_stationary,37.87,0.680
2026-09-24-16-36-18-264000,medium,0.2315,Elmo,organize_stationary,40.33,0.689
2026-09-24-16-38-27-736000,slow,0.2086,Elmo,organize_stationary,43.23,0.681
2026-09-24-16-39-36-320000,medium,0.2304,Elmo,organize_stationary,43.83,0.691
2026-09-24-16-45-05-036000,slow,0.2121,Elmo,organize_stationary,35.37,0.627
2026-09-24-16-58-26-745000,slow,0.1835,Elmo,organize_stationary,40.23,0.704
2026-09-24-16-47-33-064000,slow,0.1971,Elmo,organize_stationary,34.00,0.630
2026-09-24-17-08-24-075000,slow,0.2252,Elmo,organize_stationary,37.53,0.690
2026-09-24-17-02-52-967000,slow,0.1950,Elmo,organize_stationary,36.67,0.693
2026-09-24-16-53-27-672000,slow,0.2134,Elmo,organize_stationary,36.70,0.687
2026-09-24-17-10-17-502000,slow,0.1953,Elmo,organize_stationary,32.53,0.664
2026-09-24-16-49-40-785000,slow,0.1786,Elmo,organize_stationary,42.23,0.684
2026-09-24-16-57-27-653000,medium,0.2471,Elmo,organize_stationary,43.93,0.712
2026-09-24-16-48-35-144000,slow,0.2072,Elmo,organize_stationary,41.53,0.699
2026-09-24-16-45-59-484000,slow,0.1833,Elmo,organize_stationary,30.97,0.663
2026-09-24-16-55-19-499000,medium,0.2352,Elmo,organize_stationary,41.60,0.694
2026-09-24-17-07-24-828000,slow,0.2031,Elmo,organize_stationary,36.67,0.658
2026-09-24-17-09-25-569000,fast,0.3177,Elmo,organize_stationary,39.97,0.696
2026-09-24-17-00-20-308000,slow,0.1976,Elmo,organize_stationary,34.53,0.667
2026-09-24-17-03-56-727000,medium,0.2559,Elmo,organize_stationary,41.20,0.688
2026-09-24-16-59-25-700000,slow,0.2153,Elmo,organize_stationary,38.37,0.655
2026-09-24-16-56-21-136000,slow,0.1950,Elmo,organize_stationary,39.67,0.705
2026-09-24-17-18-35-123000,slow,0.2115,Elmo,organize_stationary,36.83,0.699
2026-09-24-17-12-19-227000,slow,0.2258,Elmo,organize_stationary,35.73,0.704
2026-09-24-17-11-16-797000,slow,0.2195,Elmo,organize_stationary,40.10,0.688
2026-09-24-17-20-59-494000,slow,0.2073,Elmo,organize_stationary,32.33,0.671
2026-09-24-17-24-57-750000,slow,0.2025,Elmo,organize_stationary,38.80,0.689
2026-09-24-17-14-09-111000,medium,0.2450,Elmo,organize_stationary,37.03,0.688
2026-09-24-17-22-54-629000,slow,0.2223,Elmo,organize_stationary,37.13,0.691
2026-09-24-17-23-57-324000,medium,0.2474,Elmo,organize_stationary,40.70,0.726
2026-09-24-17-17-15-034000,slow,0.2129,Elmo,organize_stationary,37.53,0.664
2026-09-24-17-33-40-085000,slow,0.2110,Elmo,organize_stationary,32.00,0.686
2026-09-24-17-32-45-467000,slow,0.2102,Elmo,organize_stationary,40.33,0.660
2026-09-24-17-27-48-121000,medium,0.2516,Elmo,organize_stationary,37.07,0.668
2026-09-24-17-29-38-666000,slow,0.1908,Elmo,organize_stationary,43.07,0.686
2026-09-24-17-25-58-219000,medium,0.2344,Elmo,organize_stationary,39.77,0.675
2026-09-24-17-28-40-884000,slow,0.1843,Elmo,organize_stationary,34.00,0.660
2026-09-24-17-21-59-605000,medium,0.2290,Elmo,organize_stationary,41.60,0.722
2026-09-24-17-59-13-829000,medium,0.2488,Elmo,organize_stationary,33.57,0.666
2026-09-24-17-57-26-606000,slow,0.1988,Elmo,organize_stationary,38.60,0.682
2026-09-24-17-50-03-465000,medium,0.2485,Elmo,organize_stationary,40.33,0.695
2026-09-24-17-56-27-710000,slow,0.2196,Elmo,organize_stationary,30.93,0.645
2026-09-24-17-45-36-132000,slow,0.2172,Elmo,organize_stationary,38.03,0.710
2026-09-24-17-52-36-200000,medium,0.2566,Elmo,organize_stationary,37.93,0.648
2026-09-24-17-55-39-134000,slow,0.1998,Elmo,organize_stationary,37.33,0.615
2026-09-24-17-46-40-827000,slow,0.2205,Elmo,organize_stationary,38.27,0.680
2026-09-24-17-40-48-696000,slow,0.2258,Elmo,organize_stationary,39.20,0.686
2026-09-24-17-53-33-165000,medium,0.2516,Elmo,organize_stationary,37.27,0.683
2026-09-24-17-38-57-378000,medium,0.2375,Elmo,organize_stationary,40.77,0.701
2026-09-24-17-48-03-886000,slow,0.1952,Elmo,organize_stationary,38.63,0.723
2026-09-24-17-48-59-973000,medium,0.2415,Elmo,organize_stationary,37.73,0.675
2026-09-24-17-50-59-865000,medium,0.2382,Elmo,organize_stationary,35.03,0.673
2026-09-24-17-39-50-290000,medium,0.2669,Elmo,organize_stationary,36.80,0.654
2026-09-24-18-00-21-046000,slow,0.2215,Elmo,organize_stationary,36.47,0.640
2026-09-24-17-36-04-286000,slow,0.1934,Elmo,organize_stationary,39.80,0.706
2026-09-24-17-37-05-582000,medium,0.2296,Elmo,organize_stationary,35.03,0.713
2026-09-24-17-54-37-327000,slow,0.1767,Elmo,organize_stationary,36.67,0.675
2026-09-24-17-41-59-261000,slow,0.1922,Elmo,organize_stationary,42.60,0.753
2026-09-24-17-43-00-495000,medium,0.2398,Elmo,organize_stationary,41.17,0.704
2026-09-24-19-18-51-173000,slow,0.1942,Elmo,organize_stationary,34.33,0.678
2026-09-24-19-17-58-826000,medium,0.2721,Elmo,organize_stationary,33.97,0.641
2026-09-24-19-25-28-517000,slow,0.2088,Elmo,organize_stationary,30.50,0.673
2026-09-24-19-06-56-997000,slow,0.2110,Elmo,organize_stationary,30.67,0.639
2026-09-24-19-08-37-016000,slow,0.1863,Elmo,organize_stationary,35.67,0.696
2026-09-24-19-06-08-426000,slow,0.2274,Elmo,organize_stationary,34.53,0.655
2026-09-24-19-10-59-504000,medium,0.2333,Elmo,organize_stationary,36.87,0.656
2026-09-24-19-16-07-833000,slow,0.2240,Elmo,organize_stationary,35.07,0.618
2026-09-24-19-14-52-549000,medium,0.2331,Elmo,organize_stationary,30.10,0.646
2026-09-24-19-09-29-231000,medium,0.2617,Elmo,organize_stationary,30.07,0.603
2026-09-24-18-58-34-949000,medium,0.2358,Elmo,organize_stationary,34.60,0.612
2026-09-24-19-00-19-168000,slow,0.2050,Elmo,organize_stationary,30.40,0.649
2026-09-24-19-33-18-908000,slow,0.2048,Elmo,organize_stationary,31.43,0.653
2026-09-24-19-02-45-508000,slow,0.2116,Elmo,organize_stationary,31.73,0.639
2026-09-24-19-03-45-175000,medium,0.2578,Elmo,organize_stationary,40.13,0.676
2026-09-24-19-17-01-122000,medium,0.2396,Elmo,organize_stationary,35.53,0.669
2026-09-24-19-20-57-726000,slow,0.1958,Elmo,organize_stationary,32.57,0.644
2026-09-24-19-14-02-883000,medium,0.2353,Elmo,organize_stationary,30.70,0.580
2026-09-24-19-30-55-197000,medium,0.2331,Elmo,organize_stationary,33.43,0.614
2026-09-24-19-23-37-038000,medium,0.2315,Elmo,organize_stationary,34.30,0.584
2026-09-24-18-59-31-514000,medium,0.2532,Elmo,organize_stationary,37.13,0.651
2026-09-24-19-32-03-808000,slow,0.2213,Elmo,organize_stationary,40.47,0.613
2026-09-24-18-57-41-603000,medium,0.2743,Elmo,organize_stationary,33.87,0.656
2026-09-24-19-22-45-278000,medium,0.2444,Elmo,organize_stationary,36.20,0.672
2026-09-24-19-28-10-393000,slow,0.2091,Elmo,organize_stationary,35.33,0.659
2026-09-24-19-24-36-232000,slow,0.2172,Elmo,organize_stationary,37.17,0.632
2026-09-24-19-21-48-679000,slow,0.2115,Elmo,organize_stationary,34.07,0.658
2026-09-24-19-20-07-979000,slow,0.1969,Elmo,organize_stationary,42.90,0.684
2026-09-24-19-01-06-804000,slow,0.2130,Elmo,organize_stationary,28.27,0.645
2026-09-24-19-01-53-682000,medium,0.2431,Elmo,organize_stationary,28.83,0.601
2026-09-24-19-41-27-111000,slow,0.1817,Elmo,organize_stationary,33.07,0.667
2026-09-24-19-34-30-284000,medium,0.2558,Elmo,organize_stationary,36.80,0.609
2026-09-24-19-38-53-599000,medium,0.2362,Elmo,organize_stationary,38.10,0.664
2026-09-24-19-47-08-898000,slow,0.2022,Elmo,organize_stationary,41.10,0.660
2026-09-24-19-40-00-912000,slow,0.2273,Elmo,organize_stationary,40.10,0.601
2026-09-24-19-48-06-583000,slow,0.1553,Elmo,organize_stationary,36.20,0.646
2026-09-24-19-45-54-340000,slow,0.1581,Elmo,organize_stationary,39.80,0.699
2026-09-24-19-42-21-667000,slow,0.1887,Elmo,organize_stationary,36.03,0.635
2026-09-24-19-49-27-120000,slow,0.1971,Elmo,organize_stationary,34.57,0.676
2026-09-24-19-44-44-886000,slow,0.1937,Elmo,organize_stationary,36.50,0.675
2026-09-24-19-36-14-643000,slow,0.2086,Elmo,organize_stationary,34.87,0.642
2026-09-24-19-59-47-939000,medium,0.2395,Elmo,organize_stationary,35.23,0.636
2026-09-24-19-51-07-736000,medium,0.2495,Elmo,organize_stationary,32.17,0.605
2026-09-24-19-52-55-074000,slow,0.1804,Elmo,organize_stationary,30.10,0.553
2026-09-24-19-57-19-690000,slow,0.2074,Elmo,organize_stationary,37.90,0.669
2026-09-24-19-53-56-868000,slow,0.1787,Elmo,organize_stationary,36.47,0.670
2026-09-24-19-58-17-174000,medium,0.2398,Elmo,organize_stationary,31.80,0.594
2026-09-24-19-52-01-230000,medium,0.2596,Elmo,organize_stationary,33.07,0.627
2026-09-24-21-03-03-528000,slow,0.2003,Elmo,organize_stationary,37.40,0.698
2026-09-24-20-43-29-804000,medium,0.2611,Elmo,organize_stationary,30.50,0.622
2026-09-24-21-10-37-375000,slow,0.2214,Elmo,organize_stationary,34.37,0.646
2026-09-24-21-11-51-470000,medium,0.2477,Elmo,organize_stationary,37.83,0.660
2026-09-24-21-00-02-332000,medium,0.2652,Elmo,organize_stationary,33.97,0.611
2026-09-24-21-05-58-338000,medium,0.2684,Elmo,organize_stationary,34.47,0.656
2026-09-24-20-58-29-910000,slow,0.2262,Elmo,organize_stationary,35.23,0.597
2026-09-24-21-12-51-875000,slow,0.2282,Elmo,organize_stationary,36.23,0.672
2026-09-24-21-07-01-162000,slow,0.2266,Elmo,organize_stationary,32.53,0.644
2026-09-24-21-38-11-324000,slow,0.1769,Elmo,organize_stationary,36.33,0.712
2026-09-24-20-50-44-928000,medium,0.2328,Elmo,organize_stationary,34.13,0.630
2026-09-24-21-02-00-368000,medium,0.2571,Elmo,organize_stationary,38.50,0.668
2026-09-24-21-36-18-946000,slow,0.2052,Elmo,organize_stationary,34.67,0.664
2026-09-24-21-34-24-204000,slow,0.2003,Elmo,organize_stationary,45.80,0.665
2026-09-24-20-49-50-127000,medium,0.2708,Elmo,organize_stationary,37.47,0.641
2026-09-24-21-07-59-683000,medium,0.2371,Elmo,organize_stationary,32.83,0.674
2026-09-24-20-53-23-617000,slow,0.2065,Elmo,organize_stationary,31.63,0.646
2026-09-24-20-55-00-732000,medium,0.2490,Elmo,organize_stationary,36.93,0.613
2026-09-24-21-01-01-616000,slow,0.2000,Elmo,organize_stationary,32.07,0.654
2026-09-24-20-52-28-100000,slow,0.1987,Elmo,organize_stationary,31.60,0.683
2026-09-24-21-04-59-455000,medium,0.2567,Elmo,organize_stationary,30.77,0.643
2026-09-24-20-42-36-629000,slow,0.2255,Elmo,organize_stationary,34.70,0.659
2026-09-24-21-04-05-038000,medium,0.2587,Elmo,organize_stationary,33.53,0.612
2026-09-24-21-35-22-108000,medium,0.2731,Elmo,organize_stationary,33.27,0.618
2026-09-24-21-46-50-861000,slow,0.2242,Elmo,organize_stationary,38.00,0.632
2026-09-24-21-58-04-104000,slow,0.2075,Elmo,organize_stationary,32.90,0.623
2026-09-24-22-19-58-285000,slow,0.1894,Elmo,organize_stationary,34.67,0.677
2026-09-24-22-14-04-304000,slow,0.2193,Elmo,organize_stationary,38.47,0.675
2026-09-24-22-00-51-694000,medium,0.2384,Elmo,organize_stationary,33.57,0.654
2026-09-24-21-14-57-878000,slow,0.2024,Elmo,organize_stationary,34.07,0.617
2026-09-24-21-56-42-401000,medium,0.2365,Elmo,organize_stationary,34.33,0.667
2026-09-24-22-18-02-378000,medium,0.2688,Elmo,organize_stationary,35.07,0.664
2026-09-24-22-19-03-992000,slow,0.2159,Elmo,organize_stationary,36.27,0.684
2026-09-24-21-59-55-644000,fast,0.2892,Elmo,organize_stationary,32.97,0.620
2026-09-24-22-25-19-802000,medium,0.2338,Elmo,organize_stationary,25.53,0.595
2026-09-24-22-22-35-965000,slow,0.1892,Elmo,organize_stationary,33.27,0.658
2026-09-24-22-23-37-661000,medium,0.2582,Elmo,organize_stationary,33.37,0.617
2026-09-24-22-24-30-827000,medium,0.2405,Elmo,organize_stationary,29.67,0.602
2026-09-24-22-17-02-699000,slow,0.2173,Elmo,organize_stationary,34.07,0.693
2026-09-24-21-13-53-425000,slow,0.2031,Elmo,organize_stationary,31.67,0.629
2026-09-24-21-59-02-117000,slow,0.2279,Elmo,organize_stationary,31.50,0.631
2026-09-24-21-47-47-667000,slow,0.2166,Elmo,organize_stationary,34.87,0.653
2026-09-24-21-48-49-498000,slow,0.2089,Elmo,organize_stationary,42.20,0.648
2026-09-24-22-21-19-774000,slow,0.2123,Elmo,organize_stationary,34.70,0.636
2026-09-24-21-54-47-673000,medium,0.2366,Elmo,organize_stationary,35.90,0.674
2026-09-24-21-55-43-256000,medium,0.2383,Elmo,organize_stationary,35.33,0.582
2026-09-24-20-51-36-528000,medium,0.2372,Elmo,organize_stationary,31.57,0.549
2026-09-24-20-48-44-943000,slow,0.1756,Elmo,organize_stationary,34.80,0.659
2026-09-24-20-57-04-321000,slow,0.2092,Elmo,organize_stationary,33.97,0.657
2026-09-24-20-47-44-769000,medium,0.2566,Elmo,organize_stationary,44.83,0.704
2026-09-24-21-41-17-407000,slow,0.2085,Elmo,organize_stationary,33.83,0.605
2026-09-24-21-37-15-311000,slow,0.2170,Elmo,organize_stationary,35.70,0.634
2026-09-24-21-09-41-533000,medium,0.2517,Elmo,organize_stationary,31.77,0.640
2026-09-24-20-45-45-762000,slow,0.2225,Elmo,organize_stationary,34.30,0.620
2026-09-24-22-26-08-276000,slow,0.2280,Elmo,organize_stationary,29.07,0.635
2026-09-24-22-37-35-658000,medium,0.2514,Elmo,organize_stationary,30.23,0.577
2026-09-24-22-33-19-863000,fast,0.3034,Elmo,organize_stationary,32.63,0.658
2026-09-24-22-31-47-616000,medium,0.2619,Elmo,organize_stationary,31.33,0.603
2026-09-24-22-57-21-956000,medium,0.2662,Elmo,organize_stationary,30.43,0.596
2026-09-24-22-28-39-501000,medium,0.2439,Elmo,organize_stationary,31.63,0.587
2026-09-24-22-34-41-973000,medium,0.2852,Elmo,organize_stationary,27.83,0.601
2026-09-24-22-55-23-120000,medium,0.2368,Elmo,organize_stationary,37.47,0.636
2026-09-24-22-47-38-095000,slow,0.2260,Elmo,organize_stationary,34.83,0.573
2026-09-24-22-45-41-221000,fast,0.3019,Elmo,organize_stationary,33.73,0.623
2026-09-24-22-27-45-770000,medium,0.2511,Elmo,organize_stationary,26.53,0.606
2026-09-24-22-56-30-796000,medium,0.2601,Elmo,organize_stationary,31.63,0.620
2026-09-24-22-40-22-750000,slow,0.2265,Elmo,organize_stationary,28.23,0.544
2026-09-24-22-38-33-243000,medium,0.2301,Elmo,organize_stationary,31.90,0.634
2026-09-24-22-30-34-937000,medium,0.2508,Elmo,organize_stationary,29.93,0.604
2026-09-24-22-41-14-932000,medium,0.2469,Elmo,organize_stationary,35.50,0.608
2026-09-24-22-51-05-877000,slow,0.2165,Elmo,organize_stationary,34.53,0.583
2026-09-24-22-49-57-802000,slow,0.2203,Elmo,organize_stationary,31.63,0.624
2026-09-24-22-52-31-595000,slow,0.2141,Elmo,organize_stationary,29.17,0.604
2026-09-24-22-44-46-619000,medium,0.2404,Elmo,organize_stationary,32.93,0.624
2026-09-24-22-36-43-965000,medium,0.2353,Elmo,organize_stationary,31.83,0.635
2026-09-24-22-53-30-542000,medium,0.2705,Elmo,organize_stationary,34.27,0.579
2026-09-24-22-43-49-908000,medium,0.2737,Elmo,organize_stationary,35.43,0.625
2026-09-24-22-26-59-473000,medium,0.2505,Elmo,organize_stationary,30.80,0.581
2026-09-24-22-42-57-873000,medium,0.2609,Elmo,organize_stationary,30.00,0.624
2026-09-24-22-39-24-021000,medium,0.2390,Elmo,organize_stationary,30.27,0.617
2026-09-24-22-42-01-640000,medium,0.2622,Elmo,organize_stationary,28.30,0.586
2026-09-24-22-46-32-582000,medium,0.2338,Elmo,organize_stationary,30.07,0.616
2026-09-24-22-35-36-943000,medium,0.2677,Elmo,organize_stationary,33.23,0.597
2026-09-24-22-29-39-650000,slow,0.2132,Elmo,organize_stationary,30.60,0.615
2026-09-24-22-54-24-512000,medium,0.2590,Elmo,organize_stationary,32.63,0.622
2026-09-19-01-51-24-290000,slow,0.1326,Aidan,organize_stationary,43.47,0.682
2026-09-19-01-49-02-203000,slow,0.1289,Aidan,organize_stationary,47.70,0.709
2026-09-19-01-50-15-148000,slow,0.1279,Aidan,organize_stationary,47.23,0.689
2026-09-19-19-45-44-201000,slow,0.1330,Aidan,organize_stationary,43.87,0.613
2026-09-19-19-35-14-834000,slow,0.1261,Aidan,organize_stationary,46.07,0.693
2026-09-19-20-10-59-111000,slow,0.1380,Aidan,organize_stationary,47.63,0.751
2026-09-19-19-39-01-076000,slow,0.1412,Aidan,organize_stationary,42.90,0.666
2026-09-19-19-49-14-481000,slow,0.1496,Aidan,organize_stationary,34.67,0.663
2026-09-19-01-53-54-074000,slow,0.1246,Aidan,organize_stationary,40.37,0.670
2026-09-19-19-37-28-567000,slow,0.1396,Aidan,organize_stationary,40.47,0.648
2026-09-19-19-36-18-357000,slow,0.1441,Aidan,organize_stationary,41.73,0.641
2026-09-19-19-44-15-224000,slow,0.1389,Aidan,organize_stationary,42.03,0.642
2026-09-19-19-40-20-947000,slow,0.1323,Aidan,organize_stationary,39.23,0.666
2026-09-19-20-04-54-894000,slow,0.1438,Aidan,organize_stationary,80.53,0.877
2026-09-19-20-13-34-058000,slow,0.1162,Aidan,organize_stationary,48.93,0.741
2026-09-19-20-02-18-897000,slow,0.1296,Aidan,organize_stationary,59.60,0.796
2026-09-19-20-09-45-044000,slow,0.1743,Aidan,organize_stationary,42.93,0.712
2026-09-19-01-47-36-589000,slow,0.1394,Aidan,organize_stationary,36.07,0.677
2026-09-19-01-52-36-363000,slow,0.1591,Aidan,organize_stationary,44.23,0.627
2026-09-19-19-54-45-507000,slow,0.1349,Aidan,organize_stationary,48.83,0.712
2026-09-19-19-51-14-112000,slow,0.1700,Aidan,organize_stationary,44.37,0.640
2026-09-19-19-42-56-857000,slow,0.1462,Aidan,organize_stationary,37.13,0.663
2026-09-19-19-56-10-208000,slow,0.1254,Aidan,organize_stationary,47.63,0.747
2026-09-19-20-08-17-219000,slow,0.1370,Aidan,organize_stationary,48.70,0.741
2026-09-19-01-57-05-569000,slow,0.1308,Aidan,organize_stationary,52.20,0.779
2026-09-19-01-58-31-881000,slow,0.1243,Aidan,organize_stationary,42.60,0.649
2026-09-19-19-59-57-199000,slow,0.1312,Aidan,organize_stationary,55.00,0.810
2026-09-19-19-58-28-680000,slow,0.1208,Aidan,organize_stationary,51.03,0.783
2026-09-19-19-53-03-476000,slow,0.1270,Aidan,organize_stationary,42.60,0.666
2026-09-17-01-29-51-928000,fast,0.3858,aniketh,organize_stationary_updated,19.13,0.524
2026-09-17-01-41-18-806000,fast,0.3938,aniketh,organize_stationary_updated,29.97,0.630
2026-09-17-03-50-28-336000,fast,0.3127,aniketh,organize_stationary_updated,25.30,0.487
2026-09-17-03-53-14-713000,fast,0.3381,aniketh,organize_stationary_updated,19.90,0.506
2026-09-17-03-52-40-056000,fast,0.3538,aniketh,organize_stationary_updated,20.00,0.512
2026-09-17-03-49-50-544000,fast,0.3605,aniketh,organize_stationary_updated,23.40,0.509
2026-09-17-03-52-10-345000,fast,0.3292,aniketh,organize_stationary_updated,18.33,0.455
2026-09-17-02-50-49-066000,fast,0.3629,aniketh,organize_stationary_updated,18.17,0.532
2026-09-17-02-47-41-879000,medium,0.2476,aniketh,organize_stationary_updated,22.70,0.584
2026-09-17-02-52-49-402000,fast,0.3178,aniketh,organize_stationary_updated,18.60,0.524
2026-09-17-02-48-10-523000,slow,0.1832,aniketh,organize_stationary_updated,20.37,0.413
2026-09-17-02-51-54-589000,fast,0.3574,aniketh,organize_stationary_updated,17.27,0.541
2026-09-17-02-52-18-469000,fast,0.2950,aniketh,organize_stationary_updated,16.20,0.488
2026-09-17-02-50-20-203000,fast,0.3044,aniketh,organize_stationary_updated,18.80,0.569
2026-09-17-02-51-25-142000,medium,0.2737,aniketh,organize_stationary_updated,18.17,0.562
2026-09-17-01-36-30-761000,fast,0.3062,aniketh,organize_stationary_updated,29.63,0.636
2026-09-17-02-49-10-070000,fast,0.3184,aniketh,organize_stationary_updated,21.33,0.587
2026-09-17-02-49-48-686000,medium,0.2551,aniketh,organize_stationary_updated,26.37,0.625
2026-09-17-02-47-09-865000,fast,0.3127,aniketh,organize_stationary_updated,21.10,0.528
2026-09-17-02-55-12-087000,fast,0.2901,aniketh,organize_stationary_updated,17.57,0.483
2026-09-17-03-15-01-516000,fast,0.3149,aniketh,organize_stationary_updated,17.03,0.485
2026-09-17-03-10-08-512000,fast,0.3810,aniketh,organize_stationary_updated,18.63,0.564
2026-09-17-03-21-14-687000,fast,0.3568,aniketh,organize_stationary_updated,17.13,0.512
2026-09-17-03-04-08-422000,fast,0.3932,aniketh,organize_stationary_updated,16.93,0.547
2026-09-17-03-11-15-110000,fast,0.3937,aniketh,organize_stationary_updated,18.07,0.493
2026-09-17-01-44-01-959000,fast,0.3486,aniketh,organize_stationary_updated,33.03,0.590
2026-09-17-03-21-52-011000,fast,0.3533,aniketh,organize_stationary_updated,20.33,0.523
2026-09-17-01-47-37-227000,fast,0.3507,aniketh,organize_stationary_updated,23.73,0.588
2026-09-17-03-11-48-229000,fast,0.3824,aniketh,organize_stationary_updated,17.10,0.486
2026-09-17-03-02-43-695000,fast,0.4149,aniketh,organize_stationary_updated,20.77,0.517
2026-09-17-01-45-27-249000,medium,0.2779,aniketh,organize_stationary_updated,29.07,0.656
2026-09-17-03-23-08-257000,fast,0.3638,aniketh,organize_stationary_updated,19.33,0.502
2026-09-17-01-48-49-272000,fast,0.2854,aniketh,organize_stationary_updated,28.00,0.657
2026-09-17-01-49-23-249000,medium,0.2629,aniketh,organize_stationary_updated,25.07,0.668
2026-09-17-03-14-21-292000,fast,0.3541,aniketh,organize_stationary_updated,17.70,0.497
2026-09-17-03-24-06-861000,fast,0.2935,aniketh,organize_stationary_updated,18.97,0.547
2026-09-17-03-13-02-827000,fast,0.3755,aniketh,organize_stationary_updated,18.80,0.527
2026-09-17-03-13-45-000000,fast,0.3897,aniketh,organize_stationary_updated,21.43,0.516
2026-09-17-01-46-12-633000,medium,0.2722,aniketh,organize_stationary_updated,30.57,0.638
2026-09-17-03-17-39-047000,fast,0.3866,aniketh,organize_stationary_updated,18.37,0.451
2026-09-17-01-44-35-163000,fast,0.3300,aniketh,organize_stationary_updated,23.60,0.618
2026-09-17-03-19-05-006000,fast,0.3658,aniketh,organize_stationary_updated,21.97,0.476
2026-09-17-03-48-12-082000,fast,0.4470,aniketh,organize_stationary_updated,19.47,0.426
2026-09-17-03-33-13-604000,fast,0.3318,aniketh,organize_stationary_updated,17.07,0.484
2026-09-17-03-29-25-868000,fast,0.3473,aniketh,organize_stationary_updated,18.37,0.503
2026-09-17-03-34-28-439000,fast,0.3996,aniketh,organize_stationary_updated,19.00,0.482
2026-09-17-03-45-59-126000,fast,0.3728,aniketh,organize_stationary_updated,20.23,0.503
2026-09-17-03-39-00-135000,fast,0.3898,aniketh,organize_stationary_updated,19.70,0.530
2026-09-17-03-37-52-662000,fast,0.3289,aniketh,organize_stationary_updated,20.83,0.572
2026-09-17-03-47-38-158000,fast,0.4060,aniketh,organize_stationary_updated,22.90,0.483
2026-09-17-03-41-12-690000,fast,0.3459,aniketh,organize_stationary_updated,20.00,0.503
2026-09-17-03-48-45-891000,fast,0.3337,aniketh,organize_stationary_updated,20.13,0.510
2026-09-17-03-42-14-969000,fast,0.3455,aniketh,organize_stationary_updated,18.47,0.512
2026-09-17-03-31-48-282000,fast,0.3766,aniketh,organize_stationary_updated,21.70,0.505
2026-09-17-03-28-51-145000,fast,0.4280,aniketh,organize_stationary_updated,23.43,0.479
2026-09-17-03-49-17-746000,fast,0.4659,aniketh,organize_stationary_updated,19.87,0.419
2026-09-17-03-45-24-724000,fast,0.3806,aniketh,organize_stationary_updated,18.63,0.501
2026-09-17-03-46-27-156000,fast,0.3035,aniketh,organize_stationary_updated,18.00,0.472
2026-09-17-03-32-37-014000,fast,0.3874,aniketh,organize_stationary_updated,19.50,0.508
2026-09-17-03-44-52-802000,fast,0.3230,aniketh,organize_stationary_updated,20.60,0.490
2026-09-17-03-40-36-268000,medium,0.2626,aniketh,organize_stationary_updated,20.00,0.517
2026-09-17-03-41-44-333000,fast,0.3598,aniketh,organize_stationary_updated,21.13,0.524
2026-09-17-03-33-53-955000,fast,0.4123,aniketh,organize_stationary_updated,20.87,0.562
2026-09-17-03-35-52-829000,fast,0.3320,aniketh,organize_stationary_updated,21.40,0.521
2026-09-17-03-47-02-256000,fast,0.3601,aniketh,organize_stationary_updated,22.23,0.513
2026-09-17-02-08-00-323000,fast,0.2882,aniketh,organize_stationary_updated,21.37,0.565
2026-09-17-02-02-35-184000,medium,0.2455,aniketh,organize_stationary_updated,24.37,0.608
2026-09-17-02-11-40-865000,slow,0.2047,aniketh,organize_stationary_updated,26.73,0.634
2026-09-17-01-55-44-665000,medium,0.2742,aniketh,organize_stationary_updated,29.80,0.613
2026-09-17-01-33-07-348000,fast,0.3696,aniketh,organize_stationary_updated,19.23,0.534
2026-09-17-01-51-07-175000,fast,0.3260,aniketh,organize_stationary_updated,24.83,0.634
2026-09-17-02-08-35-635000,fast,0.2956,aniketh,organize_stationary_updated,24.07,0.663
2026-09-17-02-04-27-189000,medium,0.2345,aniketh,organize_stationary_updated,25.87,0.626
2026-09-17-01-31-39-709000,fast,0.4429,aniketh,organize_stationary_updated,19.10,0.487
2026-09-17-01-57-37-259000,medium,0.2811,aniketh,organize_stationary_updated,21.30,0.605
2026-09-17-01-52-58-046000,medium,0.2645,aniketh,organize_stationary_updated,23.00,0.558
2026-09-17-02-05-04-300000,medium,0.2728,aniketh,organize_stationary_updated,22.60,0.625
2026-09-17-01-55-00-998000,slow,0.2267,aniketh,organize_stationary_updated,23.37,0.621
2026-09-17-01-49-57-628000,fast,0.3054,aniketh,organize_stationary_updated,23.90,0.622
2026-09-17-01-50-28-226000,fast,0.2953,aniketh,organize_stationary_updated,19.47,0.555
2026-09-17-02-09-13-305000,medium,0.2468,aniketh,organize_stationary_updated,20.63,0.610
2026-09-17-02-13-04-922000,medium,0.2444,aniketh,organize_stationary_updated,26.27,0.614
2026-09-17-02-11-00-763000,medium,0.2502,aniketh,organize_stationary_updated,20.80,0.581
2026-09-17-01-51-40-807000,fast,0.3336,aniketh,organize_stationary_updated,21.77,0.642
2026-09-17-02-12-28-251000,fast,0.2889,aniketh,organize_stationary_updated,33.03,0.630
2026-09-17-01-34-24-634000,fast,0.3928,aniketh,organize_stationary_updated,19.30,0.445
2026-09-17-02-03-12-295000,fast,0.3535,aniketh,organize_stationary_updated,24.77,0.601
2026-09-17-02-14-47-733000,medium,0.2819,aniketh,organize_stationary_updated,26.67,0.652
2026-09-17-02-19-43-081000,fast,0.3171,aniketh,organize_stationary_updated,20.77,0.593
2026-09-17-02-19-02-563000,fast,0.3016,aniketh,organize_stationary_updated,22.70,0.625
2026-09-17-02-31-59-655000,fast,0.2903,aniketh,organize_stationary_updated,17.53,0.585
2026-09-17-02-27-55-107000,fast,0.3073,aniketh,organize_stationary_updated,23.40,0.571
2026-09-17-02-23-44-500000,medium,0.2328,aniketh,organize_stationary_updated,19.43,0.582
2026-09-17-02-28-36-581000,medium,0.2788,aniketh,organize_stationary_updated,19.97,0.573
2026-09-17-02-34-08-300000,slow,0.2219,aniketh,organize_stationary_updated,19.70,0.496
2026-09-17-02-45-38-874000,fast,0.3454,aniketh,organize_stationary_updated,21.13,0.568
2026-09-17-02-33-04-213000,medium,0.2565,aniketh,organize_stationary_updated,19.20,0.592
2026-09-17-02-30-14-731000,medium,0.2298,aniketh,organize_stationary_updated,23.57,0.581
2026-09-17-02-40-47-211000,medium,0.2549,aniketh,organize_stationary_updated,20.23,0.583
2026-09-17-02-26-37-546000,medium,0.2738,aniketh,organize_stationary_updated,18.93,0.484
2026-09-17-02-37-28-851000,fast,0.3416,aniketh,organize_stationary_updated,21.93,0.562
2026-09-17-02-30-49-963000,medium,0.2670,aniketh,organize_stationary_updated,22.63,0.603
2026-09-17-02-33-36-738000,medium,0.2471,aniketh,organize_stationary_updated,20.40,0.578
2026-09-17-02-17-05-532000,medium,0.2380,aniketh,organize_stationary_updated,23.03,0.587
2026-09-17-02-22-43-344000,fast,0.2985,aniketh,organize_stationary_updated,21.27,0.583
2026-09-17-02-39-12-491000,fast,0.2897,aniketh,organize_stationary_updated,21.67,0.608
2026-09-17-02-21-14-064000,medium,0.2516,aniketh,organize_stationary_updated,31.10,0.680
2026-09-17-02-22-07-479000,fast,0.3041,aniketh,organize_stationary_updated,22.77,0.619
2026-09-17-02-31-30-994000,medium,0.2727,aniketh,organize_stationary_updated,24.67,0.575
2026-09-17-02-46-10-587000,medium,0.2332,aniketh,organize_stationary_updated,22.43,0.506
2026-09-17-02-27-19-236000,fast,0.3696,aniketh,organize_stationary_updated,26.73,0.648
2026-09-17-04-50-14-430000,fast,0.3211,aniketh,organize_stationary_updated,21.43,0.492
2026-09-17-04-44-26-148000,fast,0.2896,aniketh,organize_stationary_updated,26.97,0.565
2026-09-17-04-34-23-101000,fast,0.2981,aniketh,organize_stationary_updated,17.63,0.495
2026-09-17-04-36-49-127000,fast,0.3182,aniketh,organize_stationary_updated,18.10,0.478
2026-09-17-04-51-52-962000,fast,0.3229,aniketh,organize_stationary_updated,21.33,0.541
2026-09-17-04-54-15-773000,fast,0.2933,aniketh,organize_stationary_updated,21.27,0.480
2026-09-17-04-52-32-210000,medium,0.2827,aniketh,organize_stationary_updated,24.40,0.527
2026-09-17-04-33-40-392000,fast,0.3992,aniketh,organize_stationary_updated,17.37,0.514
2026-09-17-04-53-12-648000,fast,0.3266,aniketh,organize_stationary_updated,21.40,0.483
2026-09-17-04-38-08-442000,medium,0.2763,aniketh,organize_stationary_updated,19.27,0.476
2026-09-17-04-51-13-555000,fast,0.3156,aniketh,organize_stationary_updated,20.60,0.524
2026-09-17-04-32-56-784000,fast,0.3340,aniketh,organize_stationary_updated,17.70,0.471
2026-09-17-04-41-03-676000,medium,0.2689,aniketh,organize_stationary_updated,27.53,0.533
2026-09-17-04-40-21-145000,medium,0.2829,aniketh,organize_stationary_updated,19.57,0.481
2026-09-17-04-47-54-873000,fast,0.3305,aniketh,organize_stationary_updated,22.93,0.533
2026-09-17-04-49-37-033000,fast,0.2965,aniketh,organize_stationary_updated,19.70,0.470
2026-09-17-04-37-37-319000,medium,0.2750,aniketh,organize_stationary_updated,21.57,0.443
2026-09-17-04-42-35-096000,fast,0.3394,aniketh,organize_stationary_updated,22.20,0.498
2026-09-17-04-59-08-064000,fast,0.3270,aniketh,organize_stationary_updated,21.70,0.465
2026-09-17-04-34-58-635000,fast,0.3610,aniketh,organize_stationary_updated,24.20,0.567
2026-09-17-04-46-43-021000,fast,0.3115,aniketh,organize_stationary_updated,26.70,0.499
2026-09-17-04-39-45-710000,medium,0.2790,aniketh,organize_stationary_updated,26.17,0.451
2026-09-17-04-35-33-485000,fast,0.4436,aniketh,organize_stationary_updated,22.13,0.507
2026-09-17-01-42-00-071000,medium,0.2531,aniketh,organize_stationary_updated,24.50,0.618
2026-09-17-02-25-58-821000,medium,0.2545,aniketh,organize_stationary_updated,24.43,0.572
2026-09-17-01-59-38-914000,medium,0.2315,aniketh,organize_stationary_updated,26.03,0.625
2026-09-17-01-48-09-933000,fast,0.3035,aniketh,organize_stationary_updated,22.97,0.614
2026-09-17-03-35-13-755000,fast,0.3675,aniketh,organize_stationary_updated,19.60,0.539
2026-09-17-02-03-49-627000,fast,0.3032,aniketh,organize_stationary_updated,27.33,0.686
2026-09-17-02-38-41-117000,medium,0.2645,aniketh,organize_stationary_updated,22.43,0.596
2026-09-17-03-36-32-764000,fast,0.3799,aniketh,organize_stationary_updated,19.67,0.441
2026-09-17-03-12-26-092000,fast,0.3760,aniketh,organize_stationary_updated,18.27,0.492
2026-09-17-02-10-29-028000,medium,0.2619,aniketh,organize_stationary_updated,25.13,0.614
2026-09-17-02-13-36-873000,medium,0.2678,aniketh,organize_stationary_updated,21.13,0.617
2026-09-17-03-06-41-407000,fast,0.4196,aniketh,organize_stationary_updated,21.30,0.507
2026-09-17-02-00-10-920000,medium,0.2725,aniketh,organize_stationary_updated,20.47,0.615
2026-09-17-03-03-23-382000,fast,0.4230,aniketh,organize_stationary_updated,19.67,0.611
2026-09-17-02-46-38-604000,slow,0.1917,aniketh,organize_stationary_updated,19.23,0.488
2026-09-17-03-44-20-090000,fast,0.3458,aniketh,organize_stationary_updated,21.00,0.475
2026-09-17-02-20-27-297000,medium,0.2629,aniketh,organize_stationary_updated,23.03,0.632
2026-09-17-04-39-04-827000,fast,0.3255,aniketh,organize_stationary_updated,20.10,0.464
2026-09-17-01-35-43-114000,fast,0.3074,aniketh,organize_stationary_updated,28.57,0.653
2026-09-17-03-05-54-762000,fast,0.3622,aniketh,organize_stationary_updated,18.20,0.484
2026-09-17-03-28-11-924000,fast,0.4328,aniketh,organize_stationary_updated,17.60,0.462
2026-09-17-01-32-25-344000,fast,0.3213,aniketh,organize_stationary_updated,20.33,0.510
2026-09-17-03-27-00-991000,fast,0.3305,aniketh,organize_stationary_updated,17.10,0.472
2026-09-17-01-53-33-975000,medium,0.2680,aniketh,organize_stationary_updated,22.33,0.612
2026-09-17-02-17-48-581000,fast,0.3513,aniketh,organize_stationary_updated,26.50,0.621
2026-09-17-03-26-26-058000,fast,0.3942,aniketh,organize_stationary_updated,18.73,0.430
2026-09-17-04-32-05-766000,fast,0.2928,aniketh,organize_stationary_updated,23.63,0.525
2026-09-17-01-33-45-336000,fast,0.4370,aniketh,organize_stationary_updated,19.37,0.519
2026-09-17-01-58-19-505000,fast,0.3053,aniketh,organize_stationary_updated,25.40,0.585
2026-09-17-03-43-13-949000,fast,0.3258,aniketh,organize_stationary_updated,18.87,0.472
2026-09-17-02-25-20-990000,fast,0.2980,aniketh,organize_stationary_updated,20.97,0.607
2026-09-17-03-25-51-773000,fast,0.3697,aniketh,organize_stationary_updated,20.23,0.471
2026-09-17-01-31-01-374000,fast,0.3136,aniketh,organize_stationary_updated,26.60,0.462
2026-09-17-04-45-37-881000,fast,0.3525,aniketh,organize_stationary_updated,27.57,0.485
2026-09-17-03-37-07-160000,fast,0.3460,aniketh,organize_stationary_updated,17.73,0.518
2026-09-17-02-07-27-923000,medium,0.2366,aniketh,organize_stationary_updated,22.80,0.598
2026-09-17-03-43-45-809000,fast,0.3261,aniketh,organize_stationary_updated,20.27,0.456
2026-09-17-02-16-20-404000,fast,0.2874,aniketh,organize_stationary_updated,23.40,0.616
2026-09-17-04-53-42-018000,fast,0.2919,aniketh,organize_stationary_updated,19.17,0.504
2026-09-17-04-47-13-230000,fast,0.3155,aniketh,organize_stationary_updated,18.30,0.463
2026-09-17-03-24-47-362000,fast,0.3789,aniketh,organize_stationary_updated,19.37,0.489
2026-09-17-02-23-13-758000,medium,0.2811,aniketh,organize_stationary_updated,19.40,0.589
2026-09-17-03-22-29-243000,fast,0.3801,aniketh,organize_stationary_updated,17.97,0.503
2026-09-17-03-27-36-151000,fast,0.3118,aniketh,organize_stationary_updated,17.23,0.463
2026-09-17-01-58-59-880000,medium,0.2847,aniketh,organize_stationary_updated,27.63,0.665
2026-09-17-04-58-34-702000,fast,0.3150,aniketh,organize_stationary_updated,25.70,0.493
2026-09-17-03-30-22-148000,fast,0.3856,aniketh,organize_stationary_updated,22.70,0.523
2026-09-17-02-39-42-913000,medium,0.2590,aniketh,organize_stationary_updated,18.43,0.525
2026-09-17-02-18-28-727000,medium,0.2566,aniketh,organize_stationary_updated,25.77,0.635
2026-09-17-02-01-05-853000,medium,0.2720,aniketh,organize_stationary_updated,23.67,0.627
2026-09-17-03-31-05-418000,fast,0.3268,aniketh,organize_stationary_updated,22.80,0.532
2026-09-17-03-07-17-546000,fast,0.3985,aniketh,organize_stationary_updated,19.20,0.511
2026-09-17-03-07-53-944000,fast,0.4888,aniketh,organize_stationary_updated,18.03,0.521
2026-09-17-03-42-42-517000,fast,0.4105,aniketh,organize_stationary_updated,19.00,0.474
2026-09-17-02-29-40-132000,medium,0.2795,aniketh,organize_stationary_updated,22.93,0.643
2026-09-17-03-04-46-076000,fast,0.3712,aniketh,organize_stationary_updated,20.20,0.590
2026-09-17-02-24-49-734000,slow,0.2010,aniketh,organize_stationary_updated,23.80,0.583
2026-09-17-04-44-58-660000,fast,0.3351,aniketh,organize_stationary_updated,20.17,0.448
2026-09-17-02-09-51-436000,medium,0.2394,aniketh,organize_stationary_updated,22.20,0.617
2026-09-17-02-40-19-845000,fast,0.3135,aniketh,organize_stationary_updated,21.57,0.566
2026-09-17-03-39-54-170000,fast,0.3789,aniketh,organize_stationary_updated,20.40,0.520
2026-09-17-02-15-37-581000,medium,0.2288,aniketh,organize_stationary_updated,25.40,0.615
2026-09-17-03-08-29-838000,fast,0.4293,aniketh,organize_stationary_updated,19.03,0.505
