suite,contrast,candidate_variant,candidate_mode,control_variant,control_mode,task,episodes,candidate_sr_percent,control_sr_percent,delta_pp
libero_spatial,duration_vs_stk,reference,dur,reference,stk,pick_up_the_black_bowl_between_the_plate_and_the_ramekin_and_place_it_on_the_plate,250,61.6,56.00000000000001,5.599999999999994
libero_spatial,duration_vs_stk,reference,dur,reference,stk,pick_up_the_black_bowl_from_table_center_and_place_it_on_the_plate,250,82.39999999999999,81.2,1.19999999999999
libero_spatial,duration_vs_stk,reference,dur,reference,stk,pick_up_the_black_bowl_in_the_top_drawer_of_the_wooden_cabinet_and_place_it_on_the_plate,250,74.0,81.6,-7.599999999999996
libero_spatial,duration_vs_stk,reference,dur,reference,stk,pick_up_the_black_bowl_next_to_the_cookie_box_and_place_it_on_the_plate,250,84.39999999999999,75.6,8.799999999999997
libero_spatial,duration_vs_stk,reference,dur,reference,stk,pick_up_the_black_bowl_next_to_the_plate_and_place_it_on_the_plate,250,58.4,54.0,4.399999999999993
libero_spatial,duration_vs_stk,reference,dur,reference,stk,pick_up_the_black_bowl_next_to_the_ramekin_and_place_it_on_the_plate,250,78.8,84.8,-5.999999999999995
libero_spatial,duration_vs_stk,reference,dur,reference,stk,pick_up_the_black_bowl_on_the_cookie_box_and_place_it_on_the_plate,250,87.2,92.80000000000001,-5.600000000000005
libero_spatial,duration_vs_stk,reference,dur,reference,stk,pick_up_the_black_bowl_on_the_ramekin_and_place_it_on_the_plate,250,3.5999999999999996,6.0,-2.4
libero_spatial,duration_vs_stk,reference,dur,reference,stk,pick_up_the_black_bowl_on_the_stove_and_place_it_on_the_plate,250,96.0,91.60000000000001,4.399999999999993
libero_spatial,duration_vs_stk,reference,dur,reference,stk,pick_up_the_black_bowl_on_the_wooden_cabinet_and_place_it_on_the_plate,250,68.4,62.8,5.600000000000005
libero_spatial,versus_reference,gripper,stk,reference,stk,pick_up_the_black_bowl_between_the_plate_and_the_ramekin_and_place_it_on_the_plate,250,56.8,56.00000000000001,0.7999999999999896
libero_spatial,versus_reference,gripper,stk,reference,stk,pick_up_the_black_bowl_from_table_center_and_place_it_on_the_plate,250,83.2,81.2,1.9999999999999907
libero_spatial,versus_reference,gripper,stk,reference,stk,pick_up_the_black_bowl_in_the_top_drawer_of_the_wooden_cabinet_and_place_it_on_the_plate,250,70.39999999999999,81.6,-11.2
libero_spatial,versus_reference,gripper,stk,reference,stk,pick_up_the_black_bowl_next_to_the_cookie_box_and_place_it_on_the_plate,250,77.2,75.6,1.6000000000000014
libero_spatial,versus_reference,gripper,stk,reference,stk,pick_up_the_black_bowl_next_to_the_plate_and_place_it_on_the_plate,250,46.400000000000006,54.0,-7.600000000000001
libero_spatial,versus_reference,gripper,stk,reference,stk,pick_up_the_black_bowl_next_to_the_ramekin_and_place_it_on_the_plate,250,78.4,84.8,-6.399999999999995
libero_spatial,versus_reference,gripper,stk,reference,stk,pick_up_the_black_bowl_on_the_cookie_box_and_place_it_on_the_plate,250,89.2,92.80000000000001,-3.600000000000003
libero_spatial,versus_reference,gripper,stk,reference,stk,pick_up_the_black_bowl_on_the_ramekin_and_place_it_on_the_plate,250,2.4,6.0,-3.5999999999999996
libero_spatial,versus_reference,gripper,stk,reference,stk,pick_up_the_black_bowl_on_the_stove_and_place_it_on_the_plate,250,92.0,91.60000000000001,0.40000000000000036
libero_spatial,versus_reference,gripper,stk,reference,stk,pick_up_the_black_bowl_on_the_wooden_cabinet_and_place_it_on_the_plate,250,63.6,62.8,0.8000000000000007
libero_spatial,versus_reference,component_time,dur,reference,dur,pick_up_the_black_bowl_between_the_plate_and_the_ramekin_and_place_it_on_the_plate,250,56.00000000000001,61.6,-5.599999999999994
libero_spatial,versus_reference,component_time,dur,reference,dur,pick_up_the_black_bowl_from_table_center_and_place_it_on_the_plate,250,82.8,82.39999999999999,0.40000000000000036
libero_spatial,versus_reference,component_time,dur,reference,dur,pick_up_the_black_bowl_in_the_top_drawer_of_the_wooden_cabinet_and_place_it_on_the_plate,250,70.39999999999999,74.0,-3.600000000000003
libero_spatial,versus_reference,component_time,dur,reference,dur,pick_up_the_black_bowl_next_to_the_ramekin_and_place_it_on_the_plate,250,77.2,78.8,-1.6000000000000014
libero_spatial,versus_reference,component_time,dur,reference,dur,pick_up_the_black_bowl_on_the_cookie_box_and_place_it_on_the_plate,250,88.8,87.2,1.6000000000000014
libero_spatial,versus_reference,component_time,dur,reference,dur,pick_up_the_black_bowl_on_the_ramekin_and_place_it_on_the_plate,161,0.6211180124223602,3.7267080745341614,-3.1055900621118013
libero_spatial,design_contrast,component_time,dur,component_velocity,dur,pick_up_the_black_bowl_between_the_plate_and_the_ramekin_and_place_it_on_the_plate,250,56.00000000000001,52.400000000000006,3.600000000000003
libero_spatial,design_contrast,component_time,dur,component_velocity,dur,pick_up_the_black_bowl_from_table_center_and_place_it_on_the_plate,243,83.53909465020575,84.77366255144034,-1.2345679012345734
libero_spatial,design_contrast,component_time,dur,component_velocity,dur,pick_up_the_black_bowl_next_to_the_ramekin_and_place_it_on_the_plate,250,77.2,79.60000000000001,-2.400000000000002
libero_spatial,design_contrast,component_time,dur,component_velocity,dur,pick_up_the_black_bowl_on_the_cookie_box_and_place_it_on_the_plate,86,86.04651162790698,87.20930232558139,-1.1627906976744207
libero_spatial,combined_timing_change,component_time,dur,gripper,dur,pick_up_the_black_bowl_between_the_plate_and_the_ramekin_and_place_it_on_the_plate,250,56.00000000000001,49.6,6.400000000000006
libero_spatial,combined_timing_change,component_time,dur,gripper,dur,pick_up_the_black_bowl_from_table_center_and_place_it_on_the_plate,250,82.8,82.0,0.8000000000000007
libero_spatial,combined_timing_change,component_time,dur,gripper,dur,pick_up_the_black_bowl_in_the_top_drawer_of_the_wooden_cabinet_and_place_it_on_the_plate,243,70.37037037037037,74.48559670781893,-4.115226337448563
libero_spatial,combined_timing_change,component_time,dur,gripper,dur,pick_up_the_black_bowl_next_to_the_ramekin_and_place_it_on_the_plate,250,77.2,75.2,2.0000000000000018
libero_spatial,combined_timing_change,component_time,dur,gripper,dur,pick_up_the_black_bowl_on_the_cookie_box_and_place_it_on_the_plate,250,88.8,88.0,0.8000000000000007
libero_spatial,combined_timing_change,component_time,dur,gripper,dur,pick_up_the_black_bowl_on_the_ramekin_and_place_it_on_the_plate,33,0.0,0.0,0.0
libero_spatial,duration_vs_stk,component_time,dur,component_time,stk,pick_up_the_black_bowl_between_the_plate_and_the_ramekin_and_place_it_on_the_plate,69,59.42028985507246,55.072463768115945,4.347826086956519
libero_spatial,versus_reference,gripper,dur,reference,dur,pick_up_the_black_bowl_between_the_plate_and_the_ramekin_and_place_it_on_the_plate,250,49.6,61.6,-12.0
libero_spatial,versus_reference,gripper,dur,reference,dur,pick_up_the_black_bowl_from_table_center_and_place_it_on_the_plate,250,82.0,82.39999999999999,-0.40000000000000036
libero_spatial,versus_reference,gripper,dur,reference,dur,pick_up_the_black_bowl_in_the_top_drawer_of_the_wooden_cabinet_and_place_it_on_the_plate,243,74.48559670781893,74.07407407407408,0.4115226337448652
libero_spatial,versus_reference,gripper,dur,reference,dur,pick_up_the_black_bowl_next_to_the_ramekin_and_place_it_on_the_plate,250,75.2,78.8,-3.600000000000003
libero_spatial,versus_reference,gripper,dur,reference,dur,pick_up_the_black_bowl_on_the_cookie_box_and_place_it_on_the_plate,250,88.0,87.2,0.8000000000000007
libero_spatial,versus_reference,gripper,dur,reference,dur,pick_up_the_black_bowl_on_the_ramekin_and_place_it_on_the_plate,33,0.0,9.090909090909092,-9.090909090909092
libero_spatial,duration_vs_stk,gripper,dur,gripper,stk,pick_up_the_black_bowl_between_the_plate_and_the_ramekin_and_place_it_on_the_plate,250,49.6,56.8,-7.199999999999996
libero_spatial,duration_vs_stk,gripper,dur,gripper,stk,pick_up_the_black_bowl_from_table_center_and_place_it_on_the_plate,250,82.0,83.2,-1.200000000000001
libero_spatial,duration_vs_stk,gripper,dur,gripper,stk,pick_up_the_black_bowl_in_the_top_drawer_of_the_wooden_cabinet_and_place_it_on_the_plate,243,74.48559670781893,70.37037037037037,4.115226337448563
libero_spatial,duration_vs_stk,gripper,dur,gripper,stk,pick_up_the_black_bowl_next_to_the_ramekin_and_place_it_on_the_plate,250,75.2,78.4,-3.200000000000003
libero_spatial,duration_vs_stk,gripper,dur,gripper,stk,pick_up_the_black_bowl_on_the_cookie_box_and_place_it_on_the_plate,250,88.0,89.2,-1.200000000000001
libero_spatial,duration_vs_stk,gripper,dur,gripper,stk,pick_up_the_black_bowl_on_the_ramekin_and_place_it_on_the_plate,33,0.0,0.0,0.0
libero_spatial,versus_reference,xyz_scalar,stk,reference,stk,pick_up_the_black_bowl_between_the_plate_and_the_ramekin_and_place_it_on_the_plate,250,57.599999999999994,56.00000000000001,1.5999999999999903
libero_spatial,versus_reference,xyz_scalar,stk,reference,stk,pick_up_the_black_bowl_from_table_center_and_place_it_on_the_plate,159,68.55345911949685,78.61635220125787,-10.062893081761015
libero_spatial,versus_reference,xyz_scalar,stk,reference,stk,pick_up_the_black_bowl_next_to_the_ramekin_and_place_it_on_the_plate,250,73.6,84.8,-11.2
libero_spatial,design_contrast,xyz_scalar,stk,gripper,stk,pick_up_the_black_bowl_between_the_plate_and_the_ramekin_and_place_it_on_the_plate,250,57.599999999999994,56.8,0.8000000000000007
libero_spatial,design_contrast,xyz_scalar,stk,gripper,stk,pick_up_the_black_bowl_from_table_center_and_place_it_on_the_plate,159,68.55345911949685,82.38993710691824,-13.836477987421391
libero_spatial,design_contrast,xyz_scalar,stk,gripper,stk,pick_up_the_black_bowl_next_to_the_ramekin_and_place_it_on_the_plate,250,73.6,78.4,-4.800000000000004
libero_spatial,versus_reference,component_velocity,stk,reference,stk,pick_up_the_black_bowl_between_the_plate_and_the_ramekin_and_place_it_on_the_plate,250,47.599999999999994,56.00000000000001,-8.400000000000007
libero_spatial,versus_reference,component_velocity,stk,reference,stk,pick_up_the_black_bowl_from_table_center_and_place_it_on_the_plate,203,69.45812807881774,81.2807881773399,-11.822660098522164
libero_spatial,versus_reference,component_velocity,stk,reference,stk,pick_up_the_black_bowl_next_to_the_ramekin_and_place_it_on_the_plate,250,93.2,84.8,8.400000000000007
libero_spatial,design_contrast,component_velocity,stk,gripper,stk,pick_up_the_black_bowl_between_the_plate_and_the_ramekin_and_place_it_on_the_plate,250,47.599999999999994,56.8,-9.199999999999998
libero_spatial,design_contrast,component_velocity,stk,gripper,stk,pick_up_the_black_bowl_from_table_center_and_place_it_on_the_plate,203,69.45812807881774,85.71428571428571,-16.25615763546797
libero_spatial,design_contrast,component_velocity,stk,gripper,stk,pick_up_the_black_bowl_next_to_the_ramekin_and_place_it_on_the_plate,250,93.2,78.4,14.800000000000002
libero_spatial,versus_reference,component_velocity,dur,reference,dur,pick_up_the_black_bowl_between_the_plate_and_the_ramekin_and_place_it_on_the_plate,250,52.400000000000006,61.6,-9.199999999999998
libero_spatial,versus_reference,component_velocity,dur,reference,dur,pick_up_the_black_bowl_from_table_center_and_place_it_on_the_plate,243,84.77366255144034,82.71604938271605,2.0576131687242816
libero_spatial,versus_reference,component_velocity,dur,reference,dur,pick_up_the_black_bowl_next_to_the_ramekin_and_place_it_on_the_plate,250,79.60000000000001,78.8,0.8000000000000007
libero_spatial,versus_reference,component_velocity,dur,reference,dur,pick_up_the_black_bowl_on_the_cookie_box_and_place_it_on_the_plate,86,87.20930232558139,83.72093023255815,3.488372093023251
libero_spatial,design_contrast,component_velocity,dur,gripper,dur,pick_up_the_black_bowl_between_the_plate_and_the_ramekin_and_place_it_on_the_plate,250,52.400000000000006,49.6,2.8000000000000025
libero_spatial,design_contrast,component_velocity,dur,gripper,dur,pick_up_the_black_bowl_from_table_center_and_place_it_on_the_plate,243,84.77366255144034,81.89300411522635,2.8806584362139898
libero_spatial,design_contrast,component_velocity,dur,gripper,dur,pick_up_the_black_bowl_next_to_the_ramekin_and_place_it_on_the_plate,250,79.60000000000001,75.2,4.400000000000004
libero_spatial,design_contrast,component_velocity,dur,gripper,dur,pick_up_the_black_bowl_on_the_cookie_box_and_place_it_on_the_plate,86,87.20930232558139,88.37209302325581,-1.1627906976744207
libero_spatial,duration_vs_stk,component_velocity,dur,component_velocity,stk,pick_up_the_black_bowl_between_the_plate_and_the_ramekin_and_place_it_on_the_plate,250,52.400000000000006,47.599999999999994,4.800000000000004
libero_spatial,duration_vs_stk,component_velocity,dur,component_velocity,stk,pick_up_the_black_bowl_from_table_center_and_place_it_on_the_plate,203,84.23645320197043,69.45812807881774,14.778325123152703
libero_spatial,duration_vs_stk,component_velocity,dur,component_velocity,stk,pick_up_the_black_bowl_next_to_the_ramekin_and_place_it_on_the_plate,250,79.60000000000001,93.2,-13.600000000000001
libero_spatial,versus_reference,component_time,stk,reference,stk,pick_up_the_black_bowl_between_the_plate_and_the_ramekin_and_place_it_on_the_plate,69,55.072463768115945,53.62318840579711,1.449275362318836
libero_spatial,design_contrast,component_time,stk,component_velocity,stk,pick_up_the_black_bowl_between_the_plate_and_the_ramekin_and_place_it_on_the_plate,69,55.072463768115945,59.42028985507246,-4.347826086956519
libero_spatial,combined_timing_change,component_time,stk,gripper,stk,pick_up_the_black_bowl_between_the_plate_and_the_ramekin_and_place_it_on_the_plate,69,55.072463768115945,65.21739130434783,-10.144927536231885
libero_object,duration_vs_stk,reference,dur,reference,stk,pick_up_the_alphabet_soup_and_place_it_in_the_basket,250,26.8,98.4,-71.6
libero_object,duration_vs_stk,reference,dur,reference,stk,pick_up_the_bbq_sauce_and_place_it_in_the_basket,250,0.8,20.0,-19.2
libero_object,duration_vs_stk,reference,dur,reference,stk,pick_up_the_butter_and_place_it_in_the_basket,250,0.0,14.799999999999999,-14.799999999999999
libero_object,duration_vs_stk,reference,dur,reference,stk,pick_up_the_chocolate_pudding_and_place_it_in_the_basket,250,0.4,12.0,-11.6
libero_object,duration_vs_stk,reference,dur,reference,stk,pick_up_the_cream_cheese_and_place_it_in_the_basket,250,1.2,2.8000000000000003,-1.6
libero_object,duration_vs_stk,reference,dur,reference,stk,pick_up_the_ketchup_and_place_it_in_the_basket,250,100.0,97.2,2.8000000000000025
libero_object,duration_vs_stk,reference,dur,reference,stk,pick_up_the_milk_and_place_it_in_the_basket,250,98.0,91.2,6.799999999999995
libero_object,duration_vs_stk,reference,dur,reference,stk,pick_up_the_orange_juice_and_place_it_in_the_basket,250,92.4,93.60000000000001,-1.200000000000001
libero_object,duration_vs_stk,reference,dur,reference,stk,pick_up_the_salad_dressing_and_place_it_in_the_basket,250,100.0,41.6,58.400000000000006
libero_object,duration_vs_stk,reference,dur,reference,stk,pick_up_the_tomato_sauce_and_place_it_in_the_basket,250,0.0,0.0,0.0
libero_object,versus_reference,gripper,stk,reference,stk,pick_up_the_alphabet_soup_and_place_it_in_the_basket,250,68.8,98.4,-29.600000000000005
libero_object,versus_reference,gripper,stk,reference,stk,pick_up_the_bbq_sauce_and_place_it_in_the_basket,250,82.8,20.0,62.79999999999999
libero_object,versus_reference,gripper,stk,reference,stk,pick_up_the_butter_and_place_it_in_the_basket,19,10.526315789473683,15.789473684210526,-5.263157894736842
libero_object,versus_reference,gripper,stk,reference,stk,pick_up_the_cream_cheese_and_place_it_in_the_basket,250,6.800000000000001,2.8000000000000003,4.000000000000001
libero_object,versus_reference,gripper,stk,reference,stk,pick_up_the_ketchup_and_place_it_in_the_basket,250,58.4,97.2,-38.800000000000004
libero_object,versus_reference,gripper,stk,reference,stk,pick_up_the_salad_dressing_and_place_it_in_the_basket,250,99.2,41.6,57.60000000000001
libero_object,versus_reference,gripper,stk,reference,stk,pick_up_the_tomato_sauce_and_place_it_in_the_basket,249,13.253012048192772,0.0,13.253012048192772
libero_object,versus_reference,component_time,dur,reference,dur,pick_up_the_alphabet_soup_and_place_it_in_the_basket,250,52.800000000000004,26.8,26.0
libero_object,versus_reference,component_time,dur,reference,dur,pick_up_the_cream_cheese_and_place_it_in_the_basket,250,4.8,1.2,3.6000000000000005
libero_object,versus_reference,component_time,dur,reference,dur,pick_up_the_salad_dressing_and_place_it_in_the_basket,30,100.0,100.0,0.0
libero_object,design_contrast,component_time,dur,component_velocity,dur,pick_up_the_alphabet_soup_and_place_it_in_the_basket,250,52.800000000000004,56.00000000000001,-3.200000000000003
libero_object,design_contrast,component_time,dur,component_velocity,dur,pick_up_the_cream_cheese_and_place_it_in_the_basket,250,4.8,3.5999999999999996,1.2000000000000004
libero_object,design_contrast,component_time,dur,component_velocity,dur,pick_up_the_salad_dressing_and_place_it_in_the_basket,18,100.0,100.0,0.0
libero_object,combined_timing_change,component_time,dur,gripper,dur,pick_up_the_alphabet_soup_and_place_it_in_the_basket,250,52.800000000000004,70.39999999999999,-17.599999999999994
libero_object,combined_timing_change,component_time,dur,gripper,dur,pick_up_the_cream_cheese_and_place_it_in_the_basket,250,4.8,13.600000000000001,-8.8
libero_object,combined_timing_change,component_time,dur,gripper,dur,pick_up_the_salad_dressing_and_place_it_in_the_basket,30,100.0,96.66666666666667,3.3333333333333326
libero_object,duration_vs_stk,component_time,dur,component_time,stk,pick_up_the_alphabet_soup_and_place_it_in_the_basket,250,52.800000000000004,88.4,-35.6
libero_object,duration_vs_stk,component_time,dur,component_time,stk,pick_up_the_cream_cheese_and_place_it_in_the_basket,250,4.8,2.4,2.4
libero_object,duration_vs_stk,component_time,dur,component_time,stk,pick_up_the_salad_dressing_and_place_it_in_the_basket,30,100.0,50.0,50.0
libero_object,versus_reference,gripper,dur,reference,dur,pick_up_the_alphabet_soup_and_place_it_in_the_basket,250,70.39999999999999,26.8,43.599999999999994
libero_object,versus_reference,gripper,dur,reference,dur,pick_up_the_bbq_sauce_and_place_it_in_the_basket,210,87.61904761904762,0.4761904761904762,87.14285714285714
libero_object,versus_reference,gripper,dur,reference,dur,pick_up_the_cream_cheese_and_place_it_in_the_basket,250,13.600000000000001,1.2,12.400000000000002
libero_object,versus_reference,gripper,dur,reference,dur,pick_up_the_salad_dressing_and_place_it_in_the_basket,250,99.6,100.0,-0.40000000000000036
libero_object,duration_vs_stk,gripper,dur,gripper,stk,pick_up_the_alphabet_soup_and_place_it_in_the_basket,250,70.39999999999999,68.8,1.6000000000000014
libero_object,duration_vs_stk,gripper,dur,gripper,stk,pick_up_the_bbq_sauce_and_place_it_in_the_basket,210,87.61904761904762,82.85714285714286,4.761904761904756
libero_object,duration_vs_stk,gripper,dur,gripper,stk,pick_up_the_cream_cheese_and_place_it_in_the_basket,250,13.600000000000001,6.800000000000001,6.800000000000001
libero_object,duration_vs_stk,gripper,dur,gripper,stk,pick_up_the_salad_dressing_and_place_it_in_the_basket,250,99.6,99.2,0.40000000000000036
libero_object,versus_reference,xyz_scalar,stk,reference,stk,pick_up_the_alphabet_soup_and_place_it_in_the_basket,250,40.0,98.4,-58.4
libero_object,versus_reference,xyz_scalar,stk,reference,stk,pick_up_the_bbq_sauce_and_place_it_in_the_basket,250,9.2,20.0,-10.8
libero_object,versus_reference,xyz_scalar,stk,reference,stk,pick_up_the_cream_cheese_and_place_it_in_the_basket,250,2.0,2.8000000000000003,-0.8
libero_object,versus_reference,xyz_scalar,stk,reference,stk,pick_up_the_ketchup_and_place_it_in_the_basket,241,68.46473029045643,97.0954356846473,-28.63070539419087
libero_object,versus_reference,xyz_scalar,stk,reference,stk,pick_up_the_salad_dressing_and_place_it_in_the_basket,250,83.6,41.6,42.0
libero_object,versus_reference,xyz_scalar,stk,reference,stk,pick_up_the_tomato_sauce_and_place_it_in_the_basket,27,0.0,0.0,0.0
libero_object,design_contrast,xyz_scalar,stk,gripper,stk,pick_up_the_alphabet_soup_and_place_it_in_the_basket,250,40.0,68.8,-28.799999999999994
libero_object,design_contrast,xyz_scalar,stk,gripper,stk,pick_up_the_bbq_sauce_and_place_it_in_the_basket,250,9.2,82.8,-73.6
libero_object,design_contrast,xyz_scalar,stk,gripper,stk,pick_up_the_cream_cheese_and_place_it_in_the_basket,250,2.0,6.800000000000001,-4.8
libero_object,design_contrast,xyz_scalar,stk,gripper,stk,pick_up_the_ketchup_and_place_it_in_the_basket,241,68.46473029045643,58.09128630705395,10.373443983402487
libero_object,design_contrast,xyz_scalar,stk,gripper,stk,pick_up_the_salad_dressing_and_place_it_in_the_basket,250,83.6,99.2,-15.600000000000003
libero_object,design_contrast,xyz_scalar,stk,gripper,stk,pick_up_the_tomato_sauce_and_place_it_in_the_basket,27,0.0,11.11111111111111,-11.11111111111111
libero_object,versus_reference,xyz_scalar,dur,reference,dur,pick_up_the_alphabet_soup_and_place_it_in_the_basket,250,88.0,26.8,61.199999999999996
libero_object,versus_reference,xyz_scalar,dur,reference,dur,pick_up_the_bbq_sauce_and_place_it_in_the_basket,70,90.0,0.0,90.0
libero_object,versus_reference,xyz_scalar,dur,reference,dur,pick_up_the_cream_cheese_and_place_it_in_the_basket,250,31.2,1.2,30.0
libero_object,versus_reference,xyz_scalar,dur,reference,dur,pick_up_the_salad_dressing_and_place_it_in_the_basket,250,58.4,100.0,-41.6
libero_object,design_contrast,xyz_scalar,dur,gripper,dur,pick_up_the_alphabet_soup_and_place_it_in_the_basket,250,88.0,70.39999999999999,17.600000000000005
libero_object,design_contrast,xyz_scalar,dur,gripper,dur,pick_up_the_bbq_sauce_and_place_it_in_the_basket,70,90.0,85.71428571428571,4.285714285714293
libero_object,design_contrast,xyz_scalar,dur,gripper,dur,pick_up_the_cream_cheese_and_place_it_in_the_basket,250,31.2,13.600000000000001,17.599999999999998
libero_object,design_contrast,xyz_scalar,dur,gripper,dur,pick_up_the_salad_dressing_and_place_it_in_the_basket,250,58.4,99.6,-41.2
libero_object,duration_vs_stk,xyz_scalar,dur,xyz_scalar,stk,pick_up_the_alphabet_soup_and_place_it_in_the_basket,250,88.0,40.0,48.0
libero_object,duration_vs_stk,xyz_scalar,dur,xyz_scalar,stk,pick_up_the_bbq_sauce_and_place_it_in_the_basket,70,90.0,15.714285714285714,74.28571428571429
libero_object,duration_vs_stk,xyz_scalar,dur,xyz_scalar,stk,pick_up_the_cream_cheese_and_place_it_in_the_basket,250,31.2,2.0,29.2
libero_object,duration_vs_stk,xyz_scalar,dur,xyz_scalar,stk,pick_up_the_salad_dressing_and_place_it_in_the_basket,250,58.4,83.6,-25.2
libero_object,versus_reference,component_velocity,stk,reference,stk,pick_up_the_alphabet_soup_and_place_it_in_the_basket,250,92.80000000000001,98.4,-5.599999999999994
libero_object,versus_reference,component_velocity,stk,reference,stk,pick_up_the_bbq_sauce_and_place_it_in_the_basket,250,16.8,20.0,-3.2
libero_object,versus_reference,component_velocity,stk,reference,stk,pick_up_the_butter_and_place_it_in_the_basket,25,0.0,16.0,-16.0
libero_object,versus_reference,component_velocity,stk,reference,stk,pick_up_the_cream_cheese_and_place_it_in_the_basket,250,0.0,2.8000000000000003,-2.8000000000000003
libero_object,versus_reference,component_velocity,stk,reference,stk,pick_up_the_ketchup_and_place_it_in_the_basket,250,100.0,97.2,2.8000000000000025
libero_object,versus_reference,component_velocity,stk,reference,stk,pick_up_the_salad_dressing_and_place_it_in_the_basket,250,97.6,41.6,56.00000000000001
libero_object,versus_reference,component_velocity,stk,reference,stk,pick_up_the_tomato_sauce_and_place_it_in_the_basket,250,0.0,0.0,0.0
libero_object,design_contrast,component_velocity,stk,gripper,stk,pick_up_the_alphabet_soup_and_place_it_in_the_basket,250,92.80000000000001,68.8,24.00000000000001
libero_object,design_contrast,component_velocity,stk,gripper,stk,pick_up_the_bbq_sauce_and_place_it_in_the_basket,250,16.8,82.8,-65.99999999999999
libero_object,design_contrast,component_velocity,stk,gripper,stk,pick_up_the_butter_and_place_it_in_the_basket,6,0.0,0.0,0.0
libero_object,design_contrast,component_velocity,stk,gripper,stk,pick_up_the_cream_cheese_and_place_it_in_the_basket,250,0.0,6.800000000000001,-6.800000000000001
libero_object,design_contrast,component_velocity,stk,gripper,stk,pick_up_the_ketchup_and_place_it_in_the_basket,250,100.0,58.4,41.6
libero_object,design_contrast,component_velocity,stk,gripper,stk,pick_up_the_salad_dressing_and_place_it_in_the_basket,250,97.6,99.2,-1.6000000000000014
libero_object,design_contrast,component_velocity,stk,gripper,stk,pick_up_the_tomato_sauce_and_place_it_in_the_basket,249,0.0,13.253012048192772,-13.253012048192772
libero_object,versus_reference,component_velocity,dur,reference,dur,pick_up_the_alphabet_soup_and_place_it_in_the_basket,250,56.00000000000001,26.8,29.200000000000003
libero_object,versus_reference,component_velocity,dur,reference,dur,pick_up_the_cream_cheese_and_place_it_in_the_basket,250,3.5999999999999996,1.2,2.4
libero_object,versus_reference,component_velocity,dur,reference,dur,pick_up_the_salad_dressing_and_place_it_in_the_basket,47,100.0,100.0,0.0
libero_object,design_contrast,component_velocity,dur,gripper,dur,pick_up_the_alphabet_soup_and_place_it_in_the_basket,250,56.00000000000001,70.39999999999999,-14.399999999999991
libero_object,design_contrast,component_velocity,dur,gripper,dur,pick_up_the_cream_cheese_and_place_it_in_the_basket,250,3.5999999999999996,13.600000000000001,-10.0
libero_object,design_contrast,component_velocity,dur,gripper,dur,pick_up_the_salad_dressing_and_place_it_in_the_basket,47,100.0,97.87234042553192,2.127659574468088
libero_object,duration_vs_stk,component_velocity,dur,component_velocity,stk,pick_up_the_alphabet_soup_and_place_it_in_the_basket,250,56.00000000000001,92.80000000000001,-36.8
libero_object,duration_vs_stk,component_velocity,dur,component_velocity,stk,pick_up_the_cream_cheese_and_place_it_in_the_basket,250,3.5999999999999996,0.0,3.5999999999999996
libero_object,duration_vs_stk,component_velocity,dur,component_velocity,stk,pick_up_the_salad_dressing_and_place_it_in_the_basket,47,100.0,95.74468085106383,4.255319148936165
libero_object,versus_reference,component_time,stk,reference,stk,pick_up_the_alphabet_soup_and_place_it_in_the_basket,250,88.4,98.4,-9.999999999999998
libero_object,versus_reference,component_time,stk,reference,stk,pick_up_the_cream_cheese_and_place_it_in_the_basket,250,2.4,2.8000000000000003,-0.4
libero_object,versus_reference,component_time,stk,reference,stk,pick_up_the_salad_dressing_and_place_it_in_the_basket,113,52.21238938053098,43.36283185840708,8.849557522123897
libero_object,design_contrast,component_time,stk,component_velocity,stk,pick_up_the_alphabet_soup_and_place_it_in_the_basket,250,88.4,92.80000000000001,-4.400000000000004
libero_object,design_contrast,component_time,stk,component_velocity,stk,pick_up_the_cream_cheese_and_place_it_in_the_basket,250,2.4,0.0,2.4
libero_object,design_contrast,component_time,stk,component_velocity,stk,pick_up_the_salad_dressing_and_place_it_in_the_basket,113,52.21238938053098,97.34513274336283,-45.13274336283185
libero_object,combined_timing_change,component_time,stk,gripper,stk,pick_up_the_alphabet_soup_and_place_it_in_the_basket,250,88.4,68.8,19.600000000000005
libero_object,combined_timing_change,component_time,stk,gripper,stk,pick_up_the_cream_cheese_and_place_it_in_the_basket,250,2.4,6.800000000000001,-4.4
libero_object,combined_timing_change,component_time,stk,gripper,stk,pick_up_the_salad_dressing_and_place_it_in_the_basket,113,52.21238938053098,99.11504424778761,-46.90265486725663
libero_goal,duration_vs_stk,reference,dur,reference,stk,open_the_middle_drawer_of_the_cabinet,250,99.6,99.6,0.0
libero_goal,duration_vs_stk,reference,dur,reference,stk,open_the_top_drawer_and_put_the_bowl_inside,250,81.2,72.0,9.200000000000008
libero_goal,duration_vs_stk,reference,dur,reference,stk,push_the_plate_to_the_front_of_the_stove,250,83.2,77.2,5.999999999999995
libero_goal,duration_vs_stk,reference,dur,reference,stk,put_the_bowl_on_the_plate,250,80.0,76.8,3.200000000000003
libero_goal,duration_vs_stk,reference,dur,reference,stk,put_the_bowl_on_the_stove,250,96.39999999999999,98.4,-2.0000000000000018
libero_goal,duration_vs_stk,reference,dur,reference,stk,put_the_bowl_on_top_of_the_cabinet,250,96.39999999999999,94.39999999999999,2.0000000000000018
libero_goal,duration_vs_stk,reference,dur,reference,stk,put_the_cream_cheese_in_the_bowl,250,77.60000000000001,66.0,11.6
libero_goal,duration_vs_stk,reference,dur,reference,stk,put_the_wine_bottle_on_the_rack,250,88.8,84.0,4.800000000000004
libero_goal,duration_vs_stk,reference,dur,reference,stk,put_the_wine_bottle_on_top_of_the_cabinet,250,92.0,87.2,4.800000000000004
libero_goal,duration_vs_stk,reference,dur,reference,stk,turn_on_the_stove,250,98.4,99.6,-1.200000000000001
libero_goal,versus_reference,gripper,stk,reference,stk,open_the_middle_drawer_of_the_cabinet,250,98.8,99.6,-0.8000000000000007
libero_goal,versus_reference,gripper,stk,reference,stk,open_the_top_drawer_and_put_the_bowl_inside,250,74.0,72.0,2.0000000000000018
libero_goal,versus_reference,gripper,stk,reference,stk,push_the_plate_to_the_front_of_the_stove,250,72.39999999999999,77.2,-4.800000000000004
libero_goal,versus_reference,gripper,stk,reference,stk,put_the_bowl_on_the_plate,250,83.6,76.8,6.799999999999995
libero_goal,versus_reference,gripper,stk,reference,stk,put_the_bowl_on_the_stove,250,98.0,98.4,-0.40000000000000036
libero_goal,versus_reference,gripper,stk,reference,stk,put_the_bowl_on_top_of_the_cabinet,250,85.6,94.39999999999999,-8.799999999999997
libero_goal,versus_reference,gripper,stk,reference,stk,put_the_cream_cheese_in_the_bowl,250,80.80000000000001,66.0,14.800000000000002
libero_goal,versus_reference,gripper,stk,reference,stk,put_the_wine_bottle_on_the_rack,250,88.0,84.0,4.0000000000000036
libero_goal,versus_reference,gripper,stk,reference,stk,put_the_wine_bottle_on_top_of_the_cabinet,250,89.60000000000001,87.2,2.400000000000002
libero_goal,versus_reference,gripper,stk,reference,stk,turn_on_the_stove,250,99.6,99.6,0.0
libero_goal,versus_reference,component_time,dur,reference,dur,open_the_middle_drawer_of_the_cabinet,250,98.0,99.6,-1.6000000000000014
libero_goal,versus_reference,component_time,dur,reference,dur,open_the_top_drawer_and_put_the_bowl_inside,250,63.2,81.2,-18.000000000000004
libero_goal,versus_reference,component_time,dur,reference,dur,push_the_plate_to_the_front_of_the_stove,250,94.8,83.2,11.6
libero_goal,versus_reference,component_time,dur,reference,dur,put_the_bowl_on_the_plate,250,95.19999999999999,80.0,15.199999999999992
libero_goal,versus_reference,component_time,dur,reference,dur,put_the_bowl_on_the_stove,250,92.80000000000001,96.39999999999999,-3.599999999999992
libero_goal,versus_reference,component_time,dur,reference,dur,put_the_bowl_on_top_of_the_cabinet,250,95.19999999999999,96.39999999999999,-1.200000000000001
libero_goal,versus_reference,component_time,dur,reference,dur,put_the_cream_cheese_in_the_bowl,250,80.0,77.60000000000001,2.400000000000002
libero_goal,versus_reference,component_time,dur,reference,dur,put_the_wine_bottle_on_the_rack,250,74.0,88.8,-14.800000000000002
libero_goal,versus_reference,component_time,dur,reference,dur,put_the_wine_bottle_on_top_of_the_cabinet,250,88.0,92.0,-4.0000000000000036
libero_goal,versus_reference,component_time,dur,reference,dur,turn_on_the_stove,250,100.0,98.4,1.6000000000000014
libero_goal,design_contrast,component_time,dur,component_velocity,dur,open_the_middle_drawer_of_the_cabinet,250,98.0,98.4,-0.40000000000000036
libero_goal,design_contrast,component_time,dur,component_velocity,dur,open_the_top_drawer_and_put_the_bowl_inside,250,63.2,64.0,-0.8000000000000007
libero_goal,design_contrast,component_time,dur,component_velocity,dur,put_the_bowl_on_the_stove,250,92.80000000000001,94.39999999999999,-1.5999999999999903
libero_goal,design_contrast,component_time,dur,component_velocity,dur,put_the_bowl_on_top_of_the_cabinet,157,93.63057324840764,94.90445859872611,-1.273885350318471
libero_goal,design_contrast,component_time,dur,component_velocity,dur,put_the_wine_bottle_on_top_of_the_cabinet,250,88.0,86.8,1.200000000000001
libero_goal,combined_timing_change,component_time,dur,gripper,dur,open_the_middle_drawer_of_the_cabinet,250,98.0,99.2,-1.200000000000001
libero_goal,combined_timing_change,component_time,dur,gripper,dur,open_the_top_drawer_and_put_the_bowl_inside,250,63.2,74.4,-11.2
libero_goal,combined_timing_change,component_time,dur,gripper,dur,push_the_plate_to_the_front_of_the_stove,177,93.78531073446328,77.40112994350282,16.384180790960457
libero_goal,combined_timing_change,component_time,dur,gripper,dur,put_the_bowl_on_the_stove,250,92.80000000000001,98.0,-5.199999999999994
libero_goal,combined_timing_change,component_time,dur,gripper,dur,put_the_bowl_on_top_of_the_cabinet,250,95.19999999999999,95.6,-0.40000000000000036
libero_goal,combined_timing_change,component_time,dur,gripper,dur,put_the_wine_bottle_on_top_of_the_cabinet,250,88.0,88.8,-0.8000000000000007
libero_goal,duration_vs_stk,component_time,dur,component_time,stk,open_the_middle_drawer_of_the_cabinet,250,98.0,98.0,0.0
libero_goal,duration_vs_stk,component_time,dur,component_time,stk,put_the_bowl_on_the_stove,36,91.66666666666666,75.0,16.666666666666664
libero_goal,versus_reference,gripper,dur,reference,dur,open_the_middle_drawer_of_the_cabinet,250,99.2,99.6,-0.40000000000000036
libero_goal,versus_reference,gripper,dur,reference,dur,open_the_top_drawer_and_put_the_bowl_inside,250,74.4,81.2,-6.800000000000006
libero_goal,versus_reference,gripper,dur,reference,dur,push_the_plate_to_the_front_of_the_stove,177,77.40112994350282,83.05084745762711,-5.649717514124298
libero_goal,versus_reference,gripper,dur,reference,dur,put_the_bowl_on_the_stove,250,98.0,96.39999999999999,1.6000000000000014
libero_goal,versus_reference,gripper,dur,reference,dur,put_the_bowl_on_top_of_the_cabinet,250,95.6,96.39999999999999,-0.8000000000000007
libero_goal,versus_reference,gripper,dur,reference,dur,put_the_wine_bottle_on_top_of_the_cabinet,250,88.8,92.0,-3.200000000000003
libero_goal,duration_vs_stk,gripper,dur,gripper,stk,open_the_middle_drawer_of_the_cabinet,250,99.2,98.8,0.40000000000000036
libero_goal,duration_vs_stk,gripper,dur,gripper,stk,open_the_top_drawer_and_put_the_bowl_inside,250,74.4,74.0,0.40000000000000036
libero_goal,duration_vs_stk,gripper,dur,gripper,stk,push_the_plate_to_the_front_of_the_stove,177,77.40112994350282,72.88135593220339,4.519774011299438
libero_goal,duration_vs_stk,gripper,dur,gripper,stk,put_the_bowl_on_the_stove,250,98.0,98.0,0.0
libero_goal,duration_vs_stk,gripper,dur,gripper,stk,put_the_bowl_on_top_of_the_cabinet,250,95.6,85.6,9.999999999999998
libero_goal,duration_vs_stk,gripper,dur,gripper,stk,put_the_wine_bottle_on_top_of_the_cabinet,250,88.8,89.60000000000001,-0.8000000000000007
libero_goal,versus_reference,xyz_scalar,stk,reference,stk,open_the_middle_drawer_of_the_cabinet,250,89.2,99.6,-10.399999999999999
libero_goal,versus_reference,xyz_scalar,stk,reference,stk,open_the_top_drawer_and_put_the_bowl_inside,147,43.53741496598639,68.02721088435374,-24.489795918367346
libero_goal,versus_reference,xyz_scalar,stk,reference,stk,put_the_bowl_on_the_stove,250,88.8,98.4,-9.599999999999998
libero_goal,versus_reference,xyz_scalar,stk,reference,stk,put_the_wine_bottle_on_top_of_the_cabinet,250,59.199999999999996,87.2,-28.000000000000004
libero_goal,design_contrast,xyz_scalar,stk,gripper,stk,open_the_middle_drawer_of_the_cabinet,250,89.2,98.8,-9.599999999999998
libero_goal,design_contrast,xyz_scalar,stk,gripper,stk,open_the_top_drawer_and_put_the_bowl_inside,147,43.53741496598639,74.14965986394559,-30.61224489795919
libero_goal,design_contrast,xyz_scalar,stk,gripper,stk,put_the_bowl_on_the_stove,250,88.8,98.0,-9.199999999999998
libero_goal,design_contrast,xyz_scalar,stk,gripper,stk,put_the_wine_bottle_on_top_of_the_cabinet,250,59.199999999999996,89.60000000000001,-30.400000000000006
libero_goal,versus_reference,xyz_scalar,dur,reference,dur,open_the_middle_drawer_of_the_cabinet,250,97.6,99.6,-2.0000000000000018
libero_goal,versus_reference,xyz_scalar,dur,reference,dur,open_the_top_drawer_and_put_the_bowl_inside,250,73.2,81.2,-8.000000000000007
libero_goal,versus_reference,xyz_scalar,dur,reference,dur,put_the_bowl_on_the_stove,250,97.2,96.39999999999999,0.8000000000000007
libero_goal,versus_reference,xyz_scalar,dur,reference,dur,put_the_bowl_on_top_of_the_cabinet,90,94.44444444444444,95.55555555555556,-1.1111111111111183
libero_goal,versus_reference,xyz_scalar,dur,reference,dur,put_the_wine_bottle_on_top_of_the_cabinet,250,88.0,92.0,-4.0000000000000036
libero_goal,design_contrast,xyz_scalar,dur,gripper,dur,open_the_middle_drawer_of_the_cabinet,250,97.6,99.2,-1.6000000000000014
libero_goal,design_contrast,xyz_scalar,dur,gripper,dur,open_the_top_drawer_and_put_the_bowl_inside,250,73.2,74.4,-1.200000000000001
libero_goal,design_contrast,xyz_scalar,dur,gripper,dur,put_the_bowl_on_the_stove,250,97.2,98.0,-0.8000000000000007
libero_goal,design_contrast,xyz_scalar,dur,gripper,dur,put_the_bowl_on_top_of_the_cabinet,90,94.44444444444444,96.66666666666667,-2.2222222222222254
libero_goal,design_contrast,xyz_scalar,dur,gripper,dur,put_the_wine_bottle_on_top_of_the_cabinet,250,88.0,88.8,-0.8000000000000007
libero_goal,duration_vs_stk,xyz_scalar,dur,xyz_scalar,stk,open_the_middle_drawer_of_the_cabinet,250,97.6,89.2,8.399999999999997
libero_goal,duration_vs_stk,xyz_scalar,dur,xyz_scalar,stk,open_the_top_drawer_and_put_the_bowl_inside,147,78.91156462585033,43.53741496598639,35.374149659863946
libero_goal,duration_vs_stk,xyz_scalar,dur,xyz_scalar,stk,put_the_bowl_on_the_stove,250,97.2,88.8,8.399999999999997
libero_goal,duration_vs_stk,xyz_scalar,dur,xyz_scalar,stk,put_the_wine_bottle_on_top_of_the_cabinet,250,88.0,59.199999999999996,28.800000000000004
libero_goal,versus_reference,component_velocity,stk,reference,stk,open_the_middle_drawer_of_the_cabinet,250,99.6,99.6,0.0
libero_goal,versus_reference,component_velocity,stk,reference,stk,open_the_top_drawer_and_put_the_bowl_inside,250,75.2,72.0,3.200000000000003
libero_goal,versus_reference,component_velocity,stk,reference,stk,push_the_plate_to_the_front_of_the_stove,37,78.37837837837837,72.97297297297297,5.405405405405405
libero_goal,versus_reference,component_velocity,stk,reference,stk,put_the_bowl_on_the_stove,250,99.2,98.4,0.8000000000000007
libero_goal,versus_reference,component_velocity,stk,reference,stk,put_the_bowl_on_top_of_the_cabinet,247,97.16599190283401,94.33198380566802,2.8340080971659853
libero_goal,versus_reference,component_velocity,stk,reference,stk,put_the_wine_bottle_on_top_of_the_cabinet,250,81.6,87.2,-5.600000000000005
libero_goal,design_contrast,component_velocity,stk,gripper,stk,open_the_middle_drawer_of_the_cabinet,250,99.6,98.8,0.8000000000000007
libero_goal,design_contrast,component_velocity,stk,gripper,stk,open_the_top_drawer_and_put_the_bowl_inside,250,75.2,74.0,1.200000000000001
libero_goal,design_contrast,component_velocity,stk,gripper,stk,push_the_plate_to_the_front_of_the_stove,37,78.37837837837837,75.67567567567568,2.7027027027026973
libero_goal,design_contrast,component_velocity,stk,gripper,stk,put_the_bowl_on_the_stove,250,99.2,98.0,1.200000000000001
libero_goal,design_contrast,component_velocity,stk,gripper,stk,put_the_bowl_on_top_of_the_cabinet,247,97.16599190283401,85.4251012145749,11.740890688259109
libero_goal,design_contrast,component_velocity,stk,gripper,stk,put_the_wine_bottle_on_top_of_the_cabinet,250,81.6,89.60000000000001,-8.000000000000007
libero_goal,versus_reference,component_velocity,dur,reference,dur,open_the_middle_drawer_of_the_cabinet,250,98.4,99.6,-1.200000000000001
libero_goal,versus_reference,component_velocity,dur,reference,dur,open_the_top_drawer_and_put_the_bowl_inside,250,64.0,81.2,-17.200000000000003
libero_goal,versus_reference,component_velocity,dur,reference,dur,put_the_bowl_on_the_stove,250,94.39999999999999,96.39999999999999,-2.0000000000000018
libero_goal,versus_reference,component_velocity,dur,reference,dur,put_the_bowl_on_top_of_the_cabinet,157,94.90445859872611,95.54140127388536,-0.6369426751592355
libero_goal,versus_reference,component_velocity,dur,reference,dur,put_the_wine_bottle_on_top_of_the_cabinet,250,86.8,92.0,-5.200000000000005
libero_goal,design_contrast,component_velocity,dur,gripper,dur,open_the_middle_drawer_of_the_cabinet,250,98.4,99.2,-0.8000000000000007
libero_goal,design_contrast,component_velocity,dur,gripper,dur,open_the_top_drawer_and_put_the_bowl_inside,250,64.0,74.4,-10.399999999999999
libero_goal,design_contrast,component_velocity,dur,gripper,dur,put_the_bowl_on_the_stove,250,94.39999999999999,98.0,-3.600000000000003
libero_goal,design_contrast,component_velocity,dur,gripper,dur,put_the_bowl_on_top_of_the_cabinet,157,94.90445859872611,94.90445859872611,0.0
libero_goal,design_contrast,component_velocity,dur,gripper,dur,put_the_wine_bottle_on_top_of_the_cabinet,250,86.8,88.8,-2.0000000000000018
libero_goal,duration_vs_stk,component_velocity,dur,component_velocity,stk,open_the_middle_drawer_of_the_cabinet,250,98.4,99.6,-1.200000000000001
libero_goal,duration_vs_stk,component_velocity,dur,component_velocity,stk,open_the_top_drawer_and_put_the_bowl_inside,250,64.0,75.2,-11.2
libero_goal,duration_vs_stk,component_velocity,dur,component_velocity,stk,put_the_bowl_on_the_stove,250,94.39999999999999,99.2,-4.800000000000004
libero_goal,duration_vs_stk,component_velocity,dur,component_velocity,stk,put_the_bowl_on_top_of_the_cabinet,157,94.90445859872611,98.08917197452229,-3.1847133757961776
libero_goal,duration_vs_stk,component_velocity,dur,component_velocity,stk,put_the_wine_bottle_on_top_of_the_cabinet,250,86.8,81.6,5.200000000000005
libero_goal,versus_reference,component_time,stk,reference,stk,open_the_middle_drawer_of_the_cabinet,250,98.0,99.6,-1.6000000000000014
libero_goal,versus_reference,component_time,stk,reference,stk,put_the_bowl_on_the_stove,36,75.0,97.22222222222221,-22.22222222222222
libero_goal,design_contrast,component_time,stk,component_velocity,stk,open_the_middle_drawer_of_the_cabinet,250,98.0,99.6,-1.6000000000000014
libero_goal,design_contrast,component_time,stk,component_velocity,stk,put_the_bowl_on_the_stove,36,75.0,100.0,-25.0
libero_goal,combined_timing_change,component_time,stk,gripper,stk,open_the_middle_drawer_of_the_cabinet,250,98.0,98.8,-0.8000000000000007
libero_goal,combined_timing_change,component_time,stk,gripper,stk,put_the_bowl_on_the_stove,36,75.0,100.0,-25.0
libero_10,duration_vs_stk,reference,dur,reference,stk,KITCHEN_SCENE3_turn_on_the_stove_and_put_the_moka_pot_on_it,250,85.2,80.0,5.199999999999994
libero_10,duration_vs_stk,reference,dur,reference,stk,KITCHEN_SCENE4_put_the_black_bowl_in_the_bottom_drawer_of_the_cabinet_and_close_it,250,84.0,76.8,7.199999999999996
libero_10,duration_vs_stk,reference,dur,reference,stk,KITCHEN_SCENE6_put_the_yellow_and_white_mug_in_the_microwave_and_close_it,250,62.0,65.60000000000001,-3.600000000000003
libero_10,duration_vs_stk,reference,dur,reference,stk,KITCHEN_SCENE8_put_both_moka_pots_on_the_stove,250,15.6,31.2,-15.6
libero_10,duration_vs_stk,reference,dur,reference,stk,LIVING_ROOM_SCENE1_put_both_the_alphabet_soup_and_the_cream_cheese_box_in_the_basket,250,32.0,32.800000000000004,-0.8000000000000007
libero_10,duration_vs_stk,reference,dur,reference,stk,LIVING_ROOM_SCENE2_put_both_the_alphabet_soup_and_the_tomato_sauce_in_the_basket,250,39.6,54.800000000000004,-15.200000000000003
libero_10,duration_vs_stk,reference,dur,reference,stk,LIVING_ROOM_SCENE2_put_both_the_cream_cheese_box_and_the_butter_in_the_basket,250,57.99999999999999,49.6,8.399999999999997
libero_10,duration_vs_stk,reference,dur,reference,stk,LIVING_ROOM_SCENE5_put_the_white_mug_on_the_left_plate_and_put_the_yellow_and_white_mug_on_the_right_plate,250,40.0,36.0,4.0000000000000036
libero_10,duration_vs_stk,reference,dur,reference,stk,LIVING_ROOM_SCENE6_put_the_white_mug_on_the_plate_and_put_the_chocolate_pudding_to_the_right_of_the_plate,250,33.6,33.6,0.0
libero_10,duration_vs_stk,reference,dur,reference,stk,STUDY_SCENE1_pick_up_the_book_and_place_it_in_the_back_compartment_of_the_caddy,250,88.0,86.0,2.0000000000000018
libero_10,versus_reference,gripper,stk,reference,stk,KITCHEN_SCENE3_turn_on_the_stove_and_put_the_moka_pot_on_it,250,80.80000000000001,80.0,0.8000000000000007
libero_10,versus_reference,gripper,stk,reference,stk,KITCHEN_SCENE4_put_the_black_bowl_in_the_bottom_drawer_of_the_cabinet_and_close_it,250,77.60000000000001,76.8,0.8000000000000007
libero_10,versus_reference,gripper,stk,reference,stk,KITCHEN_SCENE6_put_the_yellow_and_white_mug_in_the_microwave_and_close_it,250,70.39999999999999,65.60000000000001,4.799999999999994
libero_10,versus_reference,gripper,stk,reference,stk,KITCHEN_SCENE8_put_both_moka_pots_on_the_stove,250,38.800000000000004,31.2,7.600000000000001
libero_10,versus_reference,gripper,stk,reference,stk,LIVING_ROOM_SCENE1_put_both_the_alphabet_soup_and_the_cream_cheese_box_in_the_basket,250,28.000000000000004,32.800000000000004,-4.799999999999999
libero_10,versus_reference,gripper,stk,reference,stk,LIVING_ROOM_SCENE2_put_both_the_alphabet_soup_and_the_tomato_sauce_in_the_basket,250,53.2,54.800000000000004,-1.6000000000000014
libero_10,versus_reference,gripper,stk,reference,stk,LIVING_ROOM_SCENE2_put_both_the_cream_cheese_box_and_the_butter_in_the_basket,250,57.599999999999994,49.6,7.9999999999999964
libero_10,versus_reference,gripper,stk,reference,stk,LIVING_ROOM_SCENE5_put_the_white_mug_on_the_left_plate_and_put_the_yellow_and_white_mug_on_the_right_plate,250,36.8,36.0,0.8000000000000007
libero_10,versus_reference,gripper,stk,reference,stk,LIVING_ROOM_SCENE6_put_the_white_mug_on_the_plate_and_put_the_chocolate_pudding_to_the_right_of_the_plate,250,28.000000000000004,33.6,-5.6
libero_10,versus_reference,gripper,stk,reference,stk,STUDY_SCENE1_pick_up_the_book_and_place_it_in_the_back_compartment_of_the_caddy,250,84.8,86.0,-1.200000000000001
libero_10,versus_reference,component_time,dur,reference,dur,KITCHEN_SCENE3_turn_on_the_stove_and_put_the_moka_pot_on_it,250,93.60000000000001,85.2,8.400000000000007
libero_10,versus_reference,component_time,dur,reference,dur,KITCHEN_SCENE4_put_the_black_bowl_in_the_bottom_drawer_of_the_cabinet_and_close_it,250,82.0,84.0,-2.0000000000000018
libero_10,versus_reference,component_time,dur,reference,dur,KITCHEN_SCENE6_put_the_yellow_and_white_mug_in_the_microwave_and_close_it,250,59.599999999999994,62.0,-2.400000000000002
libero_10,versus_reference,component_time,dur,reference,dur,KITCHEN_SCENE8_put_both_moka_pots_on_the_stove,250,24.0,15.6,8.399999999999999
libero_10,versus_reference,component_time,dur,reference,dur,LIVING_ROOM_SCENE1_put_both_the_alphabet_soup_and_the_cream_cheese_box_in_the_basket,250,32.800000000000004,32.0,0.8000000000000007
libero_10,versus_reference,component_time,dur,reference,dur,LIVING_ROOM_SCENE2_put_both_the_alphabet_soup_and_the_tomato_sauce_in_the_basket,250,52.400000000000006,39.6,12.8
libero_10,versus_reference,component_time,dur,reference,dur,LIVING_ROOM_SCENE2_put_both_the_cream_cheese_box_and_the_butter_in_the_basket,250,54.800000000000004,57.99999999999999,-3.1999999999999917
libero_10,versus_reference,component_time,dur,reference,dur,LIVING_ROOM_SCENE5_put_the_white_mug_on_the_left_plate_and_put_the_yellow_and_white_mug_on_the_right_plate,250,40.400000000000006,40.0,0.40000000000000036
libero_10,versus_reference,component_time,dur,reference,dur,LIVING_ROOM_SCENE6_put_the_white_mug_on_the_plate_and_put_the_chocolate_pudding_to_the_right_of_the_plate,250,24.8,33.6,-8.800000000000002
libero_10,versus_reference,component_time,dur,reference,dur,STUDY_SCENE1_pick_up_the_book_and_place_it_in_the_back_compartment_of_the_caddy,250,82.39999999999999,88.0,-5.600000000000005
