suite,contrast,candidate_variant,candidate_mode,control_variant,control_mode,paired_episodes,tasks_seen,fully_evaluated_tasks,complete_suite_comparison,candidate_sr_percent,control_sr_percent,delta_pp,candidate_only_successes,control_only_successes,fully_evaluated_task_delta_pp,initial_state_mismatches,candidate_run,control_run
libero_spatial,duration_vs_stk,reference,dur,reference,stk,2500,10,10,True,69.48,68.64,0.8399999999999963,289,268,0.8399999999999977,0,arc-sr-20261003-spatial-reference-dur-eval,arc-se-20261003-spatial-reference-stk-eval
libero_spatial,versus_reference,gripper,stk,reference,stk,2500,10,10,True,65.96,68.64,-2.6800000000000046,277,344,-2.6800000000000024,0,arc-st-20261005-spatial-gripper-stk-eval,arc-se-20261003-spatial-reference-stk-eval
libero_spatial,versus_reference,component_time,dur,reference,dur,1411,6,5,False,66.54854712969525,68.46208362863217,-1.9135364989369186,142,169,-1.7599999999999993,0,arc-st-20261005-spatial-component-time-dur-eval,arc-sr-20261003-spatial-reference-dur-eval
libero_spatial,design_contrast,component_time,dur,component_velocity,dur,829,4,2,False,73.58262967430639,73.70325693606755,-0.12062726176116367,78,79,0.6000000000000005,0,arc-st-20261005-spatial-component-time-dur-eval,arc-st-20261005-spatial-component-velocity-dur-eval
libero_spatial,combined_timing_change,component_time,dur,gripper,dur,1276,6,4,False,73.11912225705329,71.9435736677116,1.1755485893416906,168,153,2.500000000000002,0,arc-st-20261005-spatial-component-time-dur-eval,arc-st-20261005-spatial-gripper-dur-eval
libero_spatial,duration_vs_stk,component_time,dur,component_time,stk,69,1,0,False,59.42028985507246,55.072463768115945,4.347826086956519,12,9,,0,arc-st-20261005-spatial-component-time-dur-eval,arc-st-20261005-spatial-component-time-stk-eval
libero_spatial,versus_reference,gripper,dur,reference,dur,1276,6,4,False,71.9435736677116,75.07836990595611,-3.1347962382445083,145,185,-3.8000000000000007,0,arc-st-20261005-spatial-gripper-dur-eval,arc-sr-20261003-spatial-reference-dur-eval
libero_spatial,duration_vs_stk,gripper,dur,gripper,stk,1276,6,4,False,71.9435736677116,73.66771159874608,-1.724137931034475,157,179,-3.2,0,arc-st-20261005-spatial-gripper-dur-eval,arc-st-20261005-spatial-gripper-stk-eval
libero_spatial,versus_reference,xyz_scalar,stk,reference,stk,659,3,2,False,66.31259484066769,72.3823975720789,-6.069802731411222,92,132,-4.800000000000004,0,arc-st-20261005-spatial-xyz-scalar-stk-eval,arc-se-20261003-spatial-reference-stk-eval
libero_spatial,design_contrast,xyz_scalar,stk,gripper,stk,659,3,2,False,66.31259484066769,71.16843702579666,-4.855842185128978,105,137,-2.0000000000000018,0,arc-st-20261005-spatial-xyz-scalar-stk-eval,arc-st-20261005-spatial-gripper-stk-eval
libero_spatial,versus_reference,component_velocity,stk,reference,stk,703,3,2,False,70.1280227596017,73.54196301564723,-3.4139402560455223,87,111,0.0,0,arc-st-20261005-spatial-component-velocity-stk-eval,arc-se-20261003-spatial-reference-stk-eval
libero_spatial,design_contrast,component_velocity,stk,gripper,stk,703,3,2,False,70.1280227596017,72.83072546230441,-2.7027027027027084,91,110,2.8000000000000025,0,arc-st-20261005-spatial-component-velocity-stk-eval,arc-st-20261005-spatial-gripper-stk-eval
libero_spatial,versus_reference,component_velocity,dur,reference,dur,829,4,2,False,73.70325693606755,75.27141133896261,-1.56815440289505,104,117,-4.199999999999998,0,arc-st-20261005-spatial-component-velocity-dur-eval,arc-sr-20261003-spatial-reference-dur-eval
libero_spatial,design_contrast,component_velocity,dur,gripper,dur,829,4,2,False,73.70325693606755,70.80820265379975,2.895054282267795,120,96,3.600000000000003,0,arc-st-20261005-spatial-component-velocity-dur-eval,arc-st-20261005-spatial-gripper-dur-eval
libero_spatial,duration_vs_stk,component_velocity,dur,component_velocity,stk,703,3,2,False,71.26600284495022,70.1280227596017,1.1379800853485111,100,92,-4.399999999999999,0,arc-st-20261005-spatial-component-velocity-dur-eval,arc-st-20261005-spatial-component-velocity-stk-eval
libero_spatial,versus_reference,component_time,stk,reference,stk,69,1,0,False,55.072463768115945,53.62318840579711,1.449275362318836,11,10,,0,arc-st-20261005-spatial-component-time-stk-eval,arc-se-20261003-spatial-reference-stk-eval
libero_spatial,design_contrast,component_time,stk,component_velocity,stk,69,1,0,False,55.072463768115945,59.42028985507246,-4.347826086956519,9,12,,0,arc-st-20261005-spatial-component-time-stk-eval,arc-st-20261005-spatial-component-velocity-stk-eval
libero_spatial,combined_timing_change,component_time,stk,gripper,stk,69,1,0,False,55.072463768115945,65.21739130434783,-10.144927536231885,10,17,,0,arc-st-20261005-spatial-component-time-stk-eval,arc-st-20261005-spatial-gripper-stk-eval
libero_object,duration_vs_stk,reference,dur,reference,stk,2500,10,10,True,41.959999999999994,47.160000000000004,-5.200000000000005,190,320,-5.199999999999998,0,arc-sc-20261004-object-reference-dur-eval,arc-sr-20261003-object-reference-stk-eval
libero_object,versus_reference,gripper,stk,reference,stk,1518,7,5,False,54.347826086956516,43.01712779973649,11.330698287220025,371,199,11.2,0,arc-ss-20261005-object-gripper-stk-eval,arc-sr-20261003-object-reference-stk-eval
libero_object,versus_reference,component_time,dur,reference,dur,530,3,2,False,32.83018867924528,18.867924528301888,13.962264150943394,96,22,14.8,0,arc-ss-20261005-object-component-time-dur-eval,arc-sc-20261004-object-reference-dur-eval
libero_object,design_contrast,component_time,dur,component_velocity,dur,518,3,2,False,31.27413127413127,32.239382239382245,-0.9652509652509689,26,31,-1.0000000000000013,0,arc-ss-20261005-object-component-time-dur-eval,arc-ss-20261005-object-component-velocity-dur-eval
libero_object,combined_timing_change,component_time,dur,gripper,dur,530,3,2,False,32.83018867924528,45.09433962264151,-12.26415094339623,34,99,-13.199999999999998,0,arc-ss-20261005-object-component-time-dur-eval,arc-ss-20261005-object-gripper-dur-eval
libero_object,duration_vs_stk,component_time,dur,component_time,stk,530,3,2,False,32.83018867924528,45.660377358490564,-12.830188679245285,40,108,-16.6,0,arc-ss-20261005-object-component-time-dur-eval,arc-ss-20261005-object-component-time-stk-eval
libero_object,versus_reference,gripper,dur,reference,dur,960,4,3,False,66.97916666666667,33.4375,33.54166666666667,335,13,18.533333333333335,0,arc-ss-20261005-object-gripper-dur-eval,arc-sc-20261004-object-reference-dur-eval
libero_object,duration_vs_stk,gripper,dur,gripper,stk,960,4,3,False,66.97916666666667,63.645833333333336,3.3333333333333326,106,74,2.933333333333334,0,arc-ss-20261005-object-gripper-dur-eval,arc-ss-20261005-object-gripper-stk-eval
libero_object,versus_reference,xyz_scalar,stk,reference,stk,1268,6,4,False,39.58990536277602,50.552050473186114,-10.962145110410093,140,279,-7.0,0,arc-ss-20261005-object-xyz-scalar-stk-eval,arc-sr-20261003-object-reference-stk-eval
libero_object,design_contrast,xyz_scalar,stk,gripper,stk,1268,6,4,False,39.58990536277602,62.06624605678234,-22.476340694006314,120,405,-30.7,0,arc-ss-20261005-object-xyz-scalar-stk-eval,arc-ss-20261005-object-gripper-stk-eval
libero_object,versus_reference,xyz_scalar,dur,reference,dur,820,4,3,False,61.829268292682926,39.02439024390244,22.804878048780488,298,111,16.533333333333328,0,arc-ss-20261005-object-xyz-scalar-dur-eval,arc-sc-20261004-object-reference-dur-eval
libero_object,design_contrast,xyz_scalar,dur,gripper,dur,820,4,3,False,61.829268292682926,63.29268292682927,-1.4634146341463428,132,144,-2.0,0,arc-ss-20261005-object-xyz-scalar-dur-eval,arc-ss-20261005-object-gripper-dur-eval
libero_object,duration_vs_stk,xyz_scalar,dur,xyz_scalar,stk,820,4,3,False,61.829268292682926,39.63414634146341,22.19512195121951,287,105,17.333333333333332,0,arc-ss-20261005-object-xyz-scalar-dur-eval,arc-ss-20261005-object-xyz-scalar-stk-eval
libero_object,versus_reference,component_velocity,stk,reference,stk,1525,7,6,False,50.36065573770492,42.885245901639344,7.475409836065571,192,78,7.86666666666667,0,arc-ss-20261005-object-component-velocity-stk-eval,arc-sr-20261003-object-reference-stk-eval
libero_object,design_contrast,component_velocity,stk,gripper,stk,1505,7,5,False,51.02990033222591,54.684385382059794,-3.6544850498338888,185,240,-1.7599999999999938,0,arc-ss-20261005-object-component-velocity-stk-eval,arc-ss-20261005-object-gripper-stk-eval
libero_object,versus_reference,component_velocity,dur,reference,dur,547,3,2,False,35.831809872029254,21.389396709323584,14.44241316270567,97,18,15.8,0,arc-ss-20261005-object-component-velocity-dur-eval,arc-sc-20261004-object-reference-dur-eval
libero_object,design_contrast,component_velocity,dur,gripper,dur,547,3,2,False,35.831809872029254,46.80073126142596,-10.968921389396707,33,93,-12.199999999999996,0,arc-ss-20261005-object-component-velocity-dur-eval,arc-ss-20261005-object-gripper-dur-eval
libero_object,duration_vs_stk,component_velocity,dur,component_velocity,stk,547,3,2,False,35.831809872029254,50.6398537477148,-14.80804387568555,22,103,-16.599999999999998,0,arc-ss-20261005-object-component-velocity-dur-eval,arc-ss-20261005-object-component-velocity-stk-eval
libero_object,versus_reference,component_time,stk,reference,stk,613,3,2,False,46.6557911908646,49.26590538336052,-2.6101141924959217,43,59,-5.199999999999999,0,arc-ss-20261005-object-component-time-stk-eval,arc-sr-20261003-object-reference-stk-eval
libero_object,design_contrast,component_time,stk,component_velocity,stk,613,3,2,False,46.6557911908646,55.791190864600324,-9.135399673735728,19,75,-1.000000000000002,0,arc-ss-20261005-object-component-time-stk-eval,arc-ss-20261005-object-component-velocity-stk-eval
libero_object,combined_timing_change,component_time,stk,gripper,stk,613,3,2,False,46.6557911908646,49.10277324632953,-2.44698205546493,72,87,7.600000000000002,0,arc-ss-20261005-object-component-time-stk-eval,arc-ss-20261005-object-gripper-stk-eval
libero_goal,duration_vs_stk,reference,dur,reference,stk,2500,10,10,True,89.36,85.52,3.839999999999999,270,174,3.840000000000001,0,arc-sr-20261003-goal-reference-dur-eval,arc-se-20261003-goal-reference-stk-eval
libero_goal,versus_reference,gripper,stk,reference,stk,2500,10,10,True,87.03999999999999,85.52,1.5199999999999991,259,221,1.5200000000000002,0,arc-sr-20261003-goal-gripper-stk-eval,arc-se-20261003-goal-reference-stk-eval
libero_goal,versus_reference,component_time,dur,reference,dur,2500,10,10,True,88.12,89.36,-1.2399999999999967,198,229,-1.2400000000000009,0,arc-st-20261005-goal-component-time-dur-eval,arc-sr-20261003-goal-reference-dur-eval
libero_goal,design_contrast,component_time,dur,component_velocity,dur,1157,5,4,False,86.60328435609334,87.1218668971478,-0.5185825410544465,60,66,-0.3999999999999976,0,arc-st-20261005-goal-component-time-dur-eval,arc-st-20261005-goal-component-velocity-dur-eval
libero_goal,combined_timing_change,component_time,dur,gripper,dur,1427,6,5,False,88.2270497547302,89.48843728100911,-1.261387526278912,109,127,-3.759999999999999,0,arc-st-20261005-goal-component-time-dur-eval,arc-st-20261005-goal-gripper-dur-eval
libero_goal,duration_vs_stk,component_time,dur,component_time,stk,286,2,1,False,97.2027972027972,95.1048951048951,2.0979020979020935,14,8,0.0,0,arc-st-20261005-goal-component-time-dur-eval,arc-st-20261005-goal-component-time-stk-eval
libero_goal,versus_reference,gripper,dur,reference,dur,1427,6,5,False,89.48843728100911,91.87105816398038,-2.3826208829712647,90,124,-1.9200000000000017,0,arc-st-20261005-goal-gripper-dur-eval,arc-sr-20261003-goal-reference-dur-eval
libero_goal,duration_vs_stk,gripper,dur,gripper,stk,1427,6,5,False,89.48843728100911,87.17589348283111,2.3125437981780017,135,102,1.9999999999999996,0,arc-st-20261005-goal-gripper-dur-eval,arc-sr-20261003-goal-gripper-stk-eval
libero_goal,versus_reference,xyz_scalar,stk,reference,stk,897,4,3,False,73.24414715719062,90.63545150501672,-17.391304347826086,43,199,-16.0,0,arc-st-20261005-goal-xyz-scalar-stk-eval,arc-se-20261003-goal-reference-stk-eval
libero_goal,design_contrast,xyz_scalar,stk,gripper,stk,897,4,3,False,73.24414715719062,91.9732441471572,-18.729096989966564,36,204,-16.400000000000002,0,arc-st-20261005-goal-xyz-scalar-stk-eval,arc-sr-20261003-goal-gripper-stk-eval
libero_goal,versus_reference,xyz_scalar,dur,reference,dur,1090,5,4,False,89.44954128440367,92.56880733944955,-3.1192660550458773,69,103,-3.300000000000003,0,arc-st-20261005-goal-xyz-scalar-dur-eval,arc-sr-20261003-goal-reference-dur-eval
libero_goal,design_contrast,xyz_scalar,dur,gripper,dur,1090,5,4,False,89.44954128440367,90.64220183486239,-1.192660550458724,68,81,-1.100000000000001,0,arc-st-20261005-goal-xyz-scalar-dur-eval,arc-st-20261005-goal-gripper-dur-eval
libero_goal,duration_vs_stk,xyz_scalar,dur,xyz_scalar,stk,897,4,3,False,91.75027870680044,73.24414715719062,18.506131549609815,207,41,15.199999999999998,0,arc-st-20261005-goal-xyz-scalar-dur-eval,arc-st-20261005-goal-xyz-scalar-stk-eval
libero_goal,versus_reference,component_velocity,stk,reference,stk,1284,6,4,False,90.18691588785047,89.797507788162,0.3894080996884819,100,95,-0.40000000000000036,0,arc-st-20261005-goal-component-velocity-stk-eval,arc-se-20261003-goal-reference-stk-eval
libero_goal,design_contrast,component_velocity,stk,gripper,stk,1284,6,4,False,90.18691588785047,88.78504672897196,1.4018691588785104,113,95,-1.200000000000001,0,arc-st-20261005-goal-component-velocity-stk-eval,arc-sr-20261003-goal-gripper-stk-eval
libero_goal,versus_reference,component_velocity,dur,reference,dur,1157,5,4,False,87.1218668971478,92.73984442523768,-5.61797752808989,63,128,-6.400000000000002,0,arc-st-20261005-goal-component-velocity-dur-eval,arc-sr-20261003-goal-reference-dur-eval
libero_goal,design_contrast,component_velocity,dur,gripper,dur,1157,5,4,False,87.1218668971478,90.75194468452895,-3.6300777873811585,73,115,-4.200000000000001,0,arc-st-20261005-goal-component-velocity-dur-eval,arc-st-20261005-goal-gripper-dur-eval
libero_goal,duration_vs_stk,component_velocity,dur,component_velocity,stk,1157,5,4,False,87.1218668971478,90.14693171996542,-3.025064822817636,87,122,-2.9999999999999996,0,arc-st-20261005-goal-component-velocity-dur-eval,arc-st-20261005-goal-component-velocity-stk-eval
libero_goal,versus_reference,component_time,stk,reference,stk,286,2,1,False,95.1048951048951,99.3006993006993,-4.1958041958041985,1,13,-1.6000000000000014,0,arc-st-20261005-goal-component-time-stk-eval,arc-se-20261003-goal-reference-stk-eval
libero_goal,design_contrast,component_time,stk,component_velocity,stk,286,2,1,False,95.1048951048951,99.65034965034964,-4.545454545454541,1,14,-1.6000000000000014,0,arc-st-20261005-goal-component-time-stk-eval,arc-st-20261005-goal-component-velocity-stk-eval
libero_goal,combined_timing_change,component_time,stk,gripper,stk,286,2,1,False,95.1048951048951,98.95104895104895,-3.8461538461538436,3,14,-0.8000000000000007,0,arc-st-20261005-goal-component-time-stk-eval,arc-sr-20261003-goal-gripper-stk-eval
libero_10,duration_vs_stk,reference,dur,reference,stk,2500,10,10,True,53.800000000000004,54.64,-0.8399999999999963,407,428,-0.8400000000000016,0,arc-sr-20261003-10-reference-dur-eval,arc-sr-20261003-10-reference-stk-eval
libero_10,versus_reference,gripper,stk,reference,stk,2500,10,10,True,55.60000000000001,54.64,0.9600000000000053,447,423,0.9599999999999991,0,arc-sr-20261003-10-gripper-stk-eval,arc-sr-20261003-10-reference-stk-eval
libero_10,versus_reference,component_time,dur,reference,dur,2500,10,10,True,54.67999999999999,53.800000000000004,0.8799999999999919,414,392,0.8800000000000002,0,arc-sr-20261003-10-component-time-dur-eval,arc-sr-20261003-10-reference-dur-eval
