suite,contrast,candidate_variant,candidate_mode,control_variant,control_mode,paired_episodes,tasks_seen,fully_evaluated_tasks,complete_suite_comparison,candidate_sr_percent,control_sr_percent,delta_pp,candidate_only_successes,control_only_successes,fully_evaluated_task_delta_pp,initial_state_mismatches,candidate_run,control_run
libero_spatial,duration_vs_stk,reference,dur,reference,stk,2500,10,10,True,69.48,68.64,0.8399999999999963,289,268,0.8399999999999977,0,arc-sr-20261003-spatial-reference-dur-eval,arc-se-20261003-spatial-reference-stk-eval
libero_spatial,versus_reference,gripper,stk,reference,stk,2500,10,10,True,65.96,68.64,-2.6800000000000046,277,344,-2.6800000000000024,0,arc-st-20261005-spatial-gripper-stk-eval,arc-se-20261003-spatial-reference-stk-eval
libero_spatial,versus_reference,component_time,dur,reference,dur,2500,10,10,True,68.24,69.48,-1.2399999999999967,259,290,-1.2399999999999978,0,arc-st-20261005-spatial-component-time-dur-eval,arc-sr-20261003-spatial-reference-dur-eval
libero_spatial,design_contrast,component_time,dur,component_velocity,dur,2500,10,10,True,68.24,67.32000000000001,0.9199999999999986,191,168,0.9200000000000008,0,arc-st-20261005-spatial-component-time-dur-eval,arc-st-20261005-spatial-component-velocity-dur-eval
libero_spatial,combined_timing_change,component_time,dur,gripper,dur,2500,10,10,True,68.24,67.04,1.200000000000001,280,250,1.2000000000000022,0,arc-st-20261005-spatial-component-time-dur-eval,arc-st-20261005-spatial-gripper-dur-eval
libero_spatial,duration_vs_stk,component_time,dur,component_time,stk,2500,10,10,True,68.24,48.24,20.0,697,197,20.0,0,arc-st-20261005-spatial-component-time-dur-eval,arc-st-20261005-spatial-component-time-stk-eval
libero_spatial,versus_reference,gripper,dur,reference,dur,2500,10,10,True,67.04,69.48,-2.4399999999999977,258,319,-2.44,0,arc-st-20261005-spatial-gripper-dur-eval,arc-sr-20261003-spatial-reference-dur-eval
libero_spatial,duration_vs_stk,gripper,dur,gripper,stk,2500,10,10,True,67.04,65.96,1.0800000000000032,314,287,1.0799999999999994,0,arc-st-20261005-spatial-gripper-dur-eval,arc-st-20261005-spatial-gripper-stk-eval
libero_spatial,versus_reference,xyz_scalar,stk,reference,stk,2500,10,10,True,51.68000000000001,68.64,-16.959999999999997,273,697,-16.96,0,arc-st-20261005-spatial-xyz-scalar-stk-eval,arc-se-20261003-spatial-reference-stk-eval
libero_spatial,design_contrast,xyz_scalar,stk,gripper,stk,2500,10,10,True,51.68000000000001,65.96,-14.279999999999992,325,682,-14.280000000000001,0,arc-st-20261005-spatial-xyz-scalar-stk-eval,arc-st-20261005-spatial-gripper-stk-eval
libero_spatial,versus_reference,xyz_scalar,dur,reference,dur,2500,10,10,True,66.75999999999999,69.48,-2.72,259,327,-2.7199999999999998,0,arc-st-20261005-spatial-xyz-scalar-dur-eval,arc-sr-20261003-spatial-reference-dur-eval
libero_spatial,design_contrast,xyz_scalar,dur,gripper,dur,2500,10,10,True,66.75999999999999,67.04,-0.28000000000000247,290,297,-0.28000000000000014,0,arc-st-20261005-spatial-xyz-scalar-dur-eval,arc-st-20261005-spatial-gripper-dur-eval
libero_spatial,duration_vs_stk,xyz_scalar,dur,xyz_scalar,stk,2500,10,10,True,66.75999999999999,51.68000000000001,15.079999999999993,701,324,15.080000000000004,0,arc-st-20261005-spatial-xyz-scalar-dur-eval,arc-st-20261005-spatial-xyz-scalar-stk-eval
libero_spatial,versus_reference,component_velocity,stk,reference,stk,2500,10,10,True,63.6,68.64,-5.04,257,383,-5.040000000000003,0,arc-st-20261005-spatial-component-velocity-stk-eval,arc-se-20261003-spatial-reference-stk-eval
libero_spatial,design_contrast,component_velocity,stk,gripper,stk,2500,10,10,True,63.6,65.96,-2.3599999999999954,304,363,-2.3600000000000017,0,arc-st-20261005-spatial-component-velocity-stk-eval,arc-st-20261005-spatial-gripper-stk-eval
libero_spatial,versus_reference,component_velocity,dur,reference,dur,2500,10,10,True,67.32000000000001,69.48,-2.1599999999999953,262,316,-2.159999999999999,0,arc-st-20261005-spatial-component-velocity-dur-eval,arc-sr-20261003-spatial-reference-dur-eval
libero_spatial,design_contrast,component_velocity,dur,gripper,dur,2500,10,10,True,67.32000000000001,67.04,0.28000000000000247,279,272,0.2800000000000013,0,arc-st-20261005-spatial-component-velocity-dur-eval,arc-st-20261005-spatial-gripper-dur-eval
libero_spatial,duration_vs_stk,component_velocity,dur,component_velocity,stk,2500,10,10,True,67.32000000000001,63.6,3.720000000000001,344,251,3.7200000000000015,0,arc-st-20261005-spatial-component-velocity-dur-eval,arc-st-20261005-spatial-component-velocity-stk-eval
libero_spatial,versus_reference,component_time,stk,reference,stk,2500,10,10,True,48.24,68.64,-20.400000000000002,212,722,-20.400000000000002,0,arc-st-20261005-spatial-component-time-stk-eval,arc-se-20261003-spatial-reference-stk-eval
libero_spatial,design_contrast,component_time,stk,component_velocity,stk,2500,10,10,True,48.24,63.6,-15.360000000000001,250,634,-15.359999999999996,0,arc-st-20261005-spatial-component-time-stk-eval,arc-st-20261005-spatial-component-velocity-stk-eval
libero_spatial,combined_timing_change,component_time,stk,gripper,stk,2500,10,10,True,48.24,65.96,-17.719999999999995,254,697,-17.72,0,arc-st-20261005-spatial-component-time-stk-eval,arc-st-20261005-spatial-gripper-stk-eval
libero_spatial,versus_reference,x_yz,stk,reference,stk,2500,10,10,True,62.36000000000001,68.64,-6.279999999999997,321,478,-6.280000000000001,0,arc-st-20261005-spatial-x-yz-stk-eval,arc-se-20261003-spatial-reference-stk-eval
libero_spatial,design_contrast,x_yz,stk,gripper,stk,2500,10,10,True,62.36000000000001,65.96,-3.599999999999992,331,421,-3.599999999999999,0,arc-st-20261005-spatial-x-yz-stk-eval,arc-st-20261005-spatial-gripper-stk-eval
libero_spatial,versus_reference,x_yz,dur,reference,dur,2500,10,10,True,66.24,69.48,-3.2399999999999984,254,335,-3.2399999999999975,0,arc-st-20261005-spatial-x-yz-dur-eval,arc-sr-20261003-spatial-reference-dur-eval
libero_spatial,design_contrast,x_yz,dur,gripper,dur,2500,10,10,True,66.24,67.04,-0.8000000000000007,267,287,-0.7999999999999986,0,arc-st-20261005-spatial-x-yz-dur-eval,arc-st-20261005-spatial-gripper-dur-eval
libero_spatial,duration_vs_stk,x_yz,dur,x_yz,stk,2500,10,10,True,66.24,62.36000000000001,3.8799999999999946,440,343,3.8800000000000003,0,arc-st-20261005-spatial-x-yz-dur-eval,arc-st-20261005-spatial-x-yz-stk-eval
libero_spatial,versus_reference,y_xz,stk,reference,stk,2500,10,10,True,57.36,68.64,-11.280000000000001,247,529,-11.28,0,arc-st-20261005-spatial-y-xz-stk-eval,arc-se-20261003-spatial-reference-stk-eval
libero_spatial,design_contrast,y_xz,stk,gripper,stk,2500,10,10,True,57.36,65.96,-8.599999999999996,268,483,-8.599999999999998,0,arc-st-20261005-spatial-y-xz-stk-eval,arc-st-20261005-spatial-gripper-stk-eval
libero_spatial,versus_reference,y_xz,dur,reference,dur,2500,10,10,True,63.92,69.48,-5.559999999999999,237,376,-5.559999999999998,0,arc-st-20261005-spatial-y-xz-dur-eval,arc-sr-20261003-spatial-reference-dur-eval
libero_spatial,design_contrast,y_xz,dur,gripper,dur,2500,10,10,True,63.92,67.04,-3.1200000000000006,266,344,-3.119999999999999,0,arc-st-20261005-spatial-y-xz-dur-eval,arc-st-20261005-spatial-gripper-dur-eval
libero_spatial,duration_vs_stk,y_xz,dur,y_xz,stk,2500,10,10,True,63.92,57.36,6.559999999999999,472,308,6.5600000000000005,0,arc-st-20261005-spatial-y-xz-dur-eval,arc-st-20261005-spatial-y-xz-stk-eval
libero_spatial,versus_reference,z_xy,stk,reference,stk,2500,10,10,True,63.04,68.64,-5.600000000000005,307,447,-5.600000000000001,0,arc-st-20261005-spatial-z-xy-stk-eval,arc-se-20261003-spatial-reference-stk-eval
libero_spatial,design_contrast,z_xy,stk,gripper,stk,2500,10,10,True,63.04,65.96,-2.9200000000000004,350,423,-2.919999999999999,0,arc-st-20261005-spatial-z-xy-stk-eval,arc-st-20261005-spatial-gripper-stk-eval
libero_spatial,versus_reference,z_xy,dur,reference,dur,2500,10,10,True,65.56,69.48,-3.9200000000000013,245,343,-3.920000000000001,0,arc-st-20261005-spatial-z-xy-dur-eval,arc-sr-20261003-spatial-reference-dur-eval
libero_spatial,design_contrast,z_xy,dur,gripper,dur,2500,10,10,True,65.56,67.04,-1.4800000000000035,267,304,-1.4800000000000009,0,arc-st-20261005-spatial-z-xy-dur-eval,arc-st-20261005-spatial-gripper-dur-eval
libero_spatial,duration_vs_stk,z_xy,dur,z_xy,stk,2500,10,10,True,65.56,63.04,2.52,405,342,2.5199999999999982,0,arc-st-20261005-spatial-z-xy-dur-eval,arc-st-20261005-spatial-z-xy-stk-eval
libero_spatial,versus_reference,angular_driver,stk,reference,stk,2500,10,10,True,72.11999999999999,68.64,3.479999999999994,334,247,3.4800000000000004,0,arc-st-20261005-spatial-angular-driver-stk-eval,arc-se-20261003-spatial-reference-stk-eval
libero_spatial,design_contrast,angular_driver,stk,gripper,stk,2500,10,10,True,72.11999999999999,65.96,6.159999999999998,372,218,6.160000000000001,0,arc-st-20261005-spatial-angular-driver-stk-eval,arc-st-20261005-spatial-gripper-stk-eval
libero_spatial,versus_reference,angular_driver,dur,reference,dur,2500,10,10,True,71.76,69.48,2.2800000000000042,310,253,2.2800000000000002,0,arc-st-20261005-spatial-angular-driver-dur-eval,arc-sr-20261003-spatial-reference-dur-eval
libero_spatial,design_contrast,angular_driver,dur,gripper,dur,2500,10,10,True,71.76,67.04,4.720000000000002,348,230,4.720000000000001,0,arc-st-20261005-spatial-angular-driver-dur-eval,arc-st-20261005-spatial-gripper-dur-eval
libero_spatial,duration_vs_stk,angular_driver,dur,angular_driver,stk,2500,10,10,True,71.76,72.11999999999999,-0.35999999999999366,246,255,-0.36000000000000193,0,arc-st-20261005-spatial-angular-driver-dur-eval,arc-st-20261005-spatial-angular-driver-stk-eval
libero_spatial,versus_reference,angular_scalar,stk,reference,stk,2500,10,10,True,68.44,68.64,-0.20000000000000018,294,299,-0.20000000000000123,0,arc-st-20261005-spatial-angular-scalar-stk-eval,arc-se-20261003-spatial-reference-stk-eval
libero_spatial,design_contrast,angular_scalar,stk,angular_driver,stk,2500,10,10,True,68.44,72.11999999999999,-3.6799999999999944,236,328,-3.680000000000002,0,arc-st-20261005-spatial-angular-scalar-stk-eval,arc-st-20261005-spatial-angular-driver-stk-eval
libero_spatial,versus_reference,angular_scalar,dur,reference,dur,2500,10,10,True,70.39999999999999,69.48,0.9199999999999986,306,283,0.9200000000000005,0,arc-st-20261005-spatial-angular-scalar-dur-eval,arc-sr-20261003-spatial-reference-dur-eval
libero_spatial,design_contrast,angular_scalar,dur,angular_driver,dur,2500,10,10,True,70.39999999999999,71.76,-1.3600000000000056,246,280,-1.36,0,arc-st-20261005-spatial-angular-scalar-dur-eval,arc-st-20261005-spatial-angular-driver-dur-eval
libero_spatial,duration_vs_stk,angular_scalar,dur,angular_scalar,stk,2500,10,10,True,70.39999999999999,68.44,1.959999999999995,310,261,1.9599999999999995,0,arc-st-20261005-spatial-angular-scalar-dur-eval,arc-st-20261005-spatial-angular-scalar-stk-eval
libero_spatial,versus_reference,all_scalar,stk,reference,stk,1204,5,4,False,55.23255813953488,78.7375415282392,-23.504983388704325,100,383,-17.3,0,arc-st-20261005-spatial-all-scalar-stk-eval,arc-se-20261003-spatial-reference-stk-eval
libero_spatial,design_contrast,all_scalar,stk,angular_scalar,stk,1204,5,4,False,55.23255813953488,75.4983388704319,-20.26578073089701,114,358,-16.399999999999995,0,arc-st-20261005-spatial-all-scalar-stk-eval,arc-st-20261005-spatial-angular-scalar-stk-eval
libero_object,duration_vs_stk,reference,dur,reference,stk,2500,10,10,True,41.959999999999994,47.160000000000004,-5.200000000000005,190,320,-5.199999999999998,0,arc-sc-20261004-object-reference-dur-eval,arc-sr-20261003-object-reference-stk-eval
libero_object,versus_reference,gripper,stk,reference,stk,2500,10,10,True,54.2,47.160000000000004,7.040000000000002,453,277,7.039999999999999,0,arc-ss-20261005-object-gripper-stk-eval,arc-sr-20261003-object-reference-stk-eval
libero_object,versus_reference,component_time,dur,reference,dur,2500,10,10,True,52.35999999999999,41.959999999999994,10.399999999999999,330,70,10.399999999999999,0,arc-ss-20261005-object-component-time-dur-eval,arc-sc-20261004-object-reference-dur-eval
libero_object,design_contrast,component_time,dur,component_velocity,dur,2500,10,10,True,52.35999999999999,52.64,-0.28000000000000247,105,112,-0.2800000000000005,0,arc-ss-20261005-object-component-time-dur-eval,arc-ss-20261005-object-component-velocity-dur-eval
libero_object,combined_timing_change,component_time,dur,gripper,dur,2500,10,10,True,52.35999999999999,63.72,-11.360000000000003,101,385,-11.359999999999998,0,arc-ss-20261005-object-component-time-dur-eval,arc-ss-20261005-object-gripper-dur-eval
libero_object,duration_vs_stk,component_time,dur,component_time,stk,2500,10,10,True,52.35999999999999,43.88,8.479999999999993,376,164,8.48,0,arc-ss-20261005-object-component-time-dur-eval,arc-ss-20261005-object-component-time-stk-eval
libero_object,versus_reference,gripper,dur,reference,dur,2500,10,10,True,63.72,41.959999999999994,21.76,597,53,21.759999999999994,0,arc-ss-20261005-object-gripper-dur-eval,arc-sc-20261004-object-reference-dur-eval
libero_object,duration_vs_stk,gripper,dur,gripper,stk,2500,10,10,True,63.72,54.2,9.519999999999996,407,169,9.520000000000001,0,arc-ss-20261005-object-gripper-dur-eval,arc-ss-20261005-object-gripper-stk-eval
libero_object,versus_reference,xyz_scalar,stk,reference,stk,2500,10,10,True,40.6,47.160000000000004,-6.559999999999999,303,467,-6.56,0,arc-ss-20261005-object-xyz-scalar-stk-eval,arc-sr-20261003-object-reference-stk-eval
libero_object,design_contrast,xyz_scalar,stk,gripper,stk,2500,10,10,True,40.6,54.2,-13.600000000000001,288,628,-13.599999999999998,0,arc-ss-20261005-object-xyz-scalar-stk-eval,arc-ss-20261005-object-gripper-stk-eval
libero_object,versus_reference,xyz_scalar,dur,reference,dur,2500,10,10,True,45.839999999999996,41.959999999999994,3.88,695,598,3.8799999999999977,0,arc-ss-20261005-object-xyz-scalar-dur-eval,arc-sc-20261004-object-reference-dur-eval
libero_object,design_contrast,xyz_scalar,dur,gripper,dur,2500,10,10,True,45.839999999999996,63.72,-17.880000000000003,365,812,-17.880000000000003,0,arc-ss-20261005-object-xyz-scalar-dur-eval,arc-ss-20261005-object-gripper-dur-eval
libero_object,duration_vs_stk,xyz_scalar,dur,xyz_scalar,stk,2500,10,10,True,45.839999999999996,40.6,5.239999999999995,780,649,5.2399999999999975,0,arc-ss-20261005-object-xyz-scalar-dur-eval,arc-ss-20261005-object-xyz-scalar-stk-eval
libero_object,versus_reference,component_velocity,stk,reference,stk,2500,10,10,True,49.559999999999995,47.160000000000004,2.399999999999997,225,165,2.4,0,arc-ss-20261005-object-component-velocity-stk-eval,arc-sr-20261003-object-reference-stk-eval
libero_object,design_contrast,component_velocity,stk,gripper,stk,2500,10,10,True,49.559999999999995,54.2,-4.640000000000005,211,327,-4.639999999999999,0,arc-ss-20261005-object-component-velocity-stk-eval,arc-ss-20261005-object-gripper-stk-eval
libero_object,versus_reference,component_velocity,dur,reference,dur,2500,10,10,True,52.64,41.959999999999994,10.68,343,76,10.68,0,arc-ss-20261005-object-component-velocity-dur-eval,arc-sc-20261004-object-reference-dur-eval
libero_object,design_contrast,component_velocity,dur,gripper,dur,2500,10,10,True,52.64,63.72,-11.080000000000002,105,382,-11.079999999999998,0,arc-ss-20261005-object-component-velocity-dur-eval,arc-ss-20261005-object-gripper-dur-eval
libero_object,duration_vs_stk,component_velocity,dur,component_velocity,stk,2500,10,10,True,52.64,49.559999999999995,3.079999999999999,238,161,3.080000000000002,0,arc-ss-20261005-object-component-velocity-dur-eval,arc-ss-20261005-object-component-velocity-stk-eval
libero_object,versus_reference,component_time,stk,reference,stk,2500,10,10,True,43.88,47.160000000000004,-3.2799999999999994,172,254,-3.28,0,arc-ss-20261005-object-component-time-stk-eval,arc-sr-20261003-object-reference-stk-eval
libero_object,design_contrast,component_time,stk,component_velocity,stk,2500,10,10,True,43.88,49.559999999999995,-5.679999999999996,63,205,-5.679999999999999,0,arc-ss-20261005-object-component-time-stk-eval,arc-ss-20261005-object-component-velocity-stk-eval
libero_object,combined_timing_change,component_time,stk,gripper,stk,2500,10,10,True,43.88,54.2,-10.320000000000002,207,465,-10.319999999999999,0,arc-ss-20261005-object-component-time-stk-eval,arc-ss-20261005-object-gripper-stk-eval
libero_object,versus_reference,x_yz,stk,reference,stk,2500,10,10,True,44.92,47.160000000000004,-2.240000000000003,292,348,-2.2399999999999984,0,arc-ss-20261005-object-x-yz-stk-eval,arc-sr-20261003-object-reference-stk-eval
libero_object,design_contrast,x_yz,stk,gripper,stk,2500,10,10,True,44.92,54.2,-9.280000000000005,176,408,-9.28,0,arc-ss-20261005-object-x-yz-stk-eval,arc-ss-20261005-object-gripper-stk-eval
libero_object,versus_reference,x_yz,dur,reference,dur,2500,10,10,True,51.160000000000004,41.959999999999994,9.200000000000008,600,370,9.2,0,arc-ss-20261005-object-x-yz-dur-eval,arc-sc-20261004-object-reference-dur-eval
libero_object,design_contrast,x_yz,dur,gripper,dur,2500,10,10,True,51.160000000000004,63.72,-12.559999999999993,298,612,-12.56,0,arc-ss-20261005-object-x-yz-dur-eval,arc-ss-20261005-object-gripper-dur-eval
libero_object,duration_vs_stk,x_yz,dur,x_yz,stk,2500,10,10,True,51.160000000000004,44.92,6.240000000000006,513,357,6.240000000000002,0,arc-ss-20261005-object-x-yz-dur-eval,arc-ss-20261005-object-x-yz-stk-eval
libero_object,versus_reference,y_xz,stk,reference,stk,2500,10,10,True,35.0,47.160000000000004,-12.160000000000004,129,433,-12.16,0,arc-ss-20261005-object-y-xz-stk-eval,arc-sr-20261003-object-reference-stk-eval
libero_object,design_contrast,y_xz,stk,gripper,stk,2500,10,10,True,35.0,54.2,-19.200000000000006,235,715,-19.199999999999996,0,arc-ss-20261005-object-y-xz-stk-eval,arc-ss-20261005-object-gripper-stk-eval
libero_object,versus_reference,y_xz,dur,reference,dur,2500,10,10,True,51.839999999999996,41.959999999999994,9.879999999999999,283,36,9.879999999999999,0,arc-ss-20261005-object-y-xz-dur-eval,arc-sc-20261004-object-reference-dur-eval
libero_object,design_contrast,y_xz,dur,gripper,dur,2500,10,10,True,51.839999999999996,63.72,-11.880000000000003,107,404,-11.879999999999999,0,arc-ss-20261005-object-y-xz-dur-eval,arc-ss-20261005-object-gripper-dur-eval
libero_object,duration_vs_stk,y_xz,dur,y_xz,stk,2500,10,10,True,51.839999999999996,35.0,16.84,564,143,16.84,0,arc-ss-20261005-object-y-xz-dur-eval,arc-ss-20261005-object-y-xz-stk-eval
libero_object,versus_reference,z_xy,stk,reference,stk,2500,10,10,True,38.080000000000005,47.160000000000004,-9.079999999999998,238,465,-9.079999999999998,0,arc-ss-20261005-object-z-xy-stk-eval,arc-sr-20261003-object-reference-stk-eval
libero_object,design_contrast,z_xy,stk,gripper,stk,2500,10,10,True,38.080000000000005,54.2,-16.12,126,529,-16.119999999999997,0,arc-ss-20261005-object-z-xy-stk-eval,arc-ss-20261005-object-gripper-stk-eval
libero_object,versus_reference,z_xy,dur,reference,dur,2500,10,10,True,50.160000000000004,41.959999999999994,8.200000000000006,370,165,8.199999999999998,0,arc-ss-20261005-object-z-xy-dur-eval,arc-sc-20261004-object-reference-dur-eval
libero_object,design_contrast,z_xy,dur,gripper,dur,2500,10,10,True,50.160000000000004,63.72,-13.559999999999995,132,471,-13.559999999999999,0,arc-ss-20261005-object-z-xy-dur-eval,arc-ss-20261005-object-gripper-dur-eval
libero_object,duration_vs_stk,z_xy,dur,z_xy,stk,2500,10,10,True,50.160000000000004,38.080000000000005,12.080000000000002,424,122,12.08,0,arc-ss-20261005-object-z-xy-dur-eval,arc-ss-20261005-object-z-xy-stk-eval
libero_object,versus_reference,angular_driver,stk,reference,stk,2500,10,10,True,46.760000000000005,47.160000000000004,-0.40000000000000036,792,802,-0.4000000000000014,0,arc-ss-20261005-object-angular-driver-stk-eval,arc-sr-20261003-object-reference-stk-eval
libero_object,design_contrast,angular_driver,stk,gripper,stk,2500,10,10,True,46.760000000000005,54.2,-7.440000000000002,521,707,-7.44,0,arc-ss-20261005-object-angular-driver-stk-eval,arc-ss-20261005-object-gripper-stk-eval
libero_object,versus_reference,angular_driver,dur,reference,dur,2500,10,10,True,52.080000000000005,41.959999999999994,10.120000000000006,758,505,10.120000000000001,0,arc-ss-20261005-object-angular-driver-dur-eval,arc-sc-20261004-object-reference-dur-eval
libero_object,design_contrast,angular_driver,dur,gripper,dur,2500,10,10,True,52.080000000000005,63.72,-11.639999999999995,504,795,-11.639999999999997,0,arc-ss-20261005-object-angular-driver-dur-eval,arc-ss-20261005-object-gripper-dur-eval
libero_object,duration_vs_stk,angular_driver,dur,angular_driver,stk,2500,10,10,True,52.080000000000005,46.760000000000005,5.320000000000002,229,96,5.320000000000001,0,arc-ss-20261005-object-angular-driver-dur-eval,arc-ss-20261005-object-angular-driver-stk-eval
libero_object,versus_reference,angular_scalar,stk,reference,stk,2500,10,10,True,52.32,47.160000000000004,5.159999999999998,514,385,5.1599999999999975,0,arc-ss-20261005-object-angular-scalar-stk-eval,arc-sr-20261003-object-reference-stk-eval
libero_object,design_contrast,angular_scalar,stk,angular_driver,stk,2500,10,10,True,52.32,46.760000000000005,5.559999999999999,648,509,5.559999999999998,0,arc-ss-20261005-object-angular-scalar-stk-eval,arc-ss-20261005-object-angular-driver-stk-eval
libero_object,versus_reference,angular_scalar,dur,reference,dur,2500,10,10,True,67.92,41.959999999999994,25.960000000000004,1084,435,25.959999999999997,0,arc-ss-20261005-object-angular-scalar-dur-eval,arc-sc-20261004-object-reference-dur-eval
libero_object,design_contrast,angular_scalar,dur,angular_driver,dur,2500,10,10,True,67.92,52.080000000000005,15.839999999999998,688,292,15.839999999999998,0,arc-ss-20261005-object-angular-scalar-dur-eval,arc-ss-20261005-object-angular-driver-dur-eval
libero_object,duration_vs_stk,angular_scalar,dur,angular_scalar,stk,2500,10,10,True,67.92,52.32,15.600000000000003,875,485,15.599999999999994,0,arc-ss-20261005-object-angular-scalar-dur-eval,arc-ss-20261005-object-angular-scalar-stk-eval
libero_object,versus_reference,all_scalar,stk,reference,stk,2500,10,10,True,18.48,47.160000000000004,-28.680000000000007,44,761,-28.68,0,arc-ss-20261005-object-all-scalar-stk-eval,arc-sr-20261003-object-reference-stk-eval
libero_object,design_contrast,all_scalar,stk,angular_scalar,stk,2500,10,10,True,18.48,52.32,-33.84,191,1037,-33.839999999999996,0,arc-ss-20261005-object-all-scalar-stk-eval,arc-ss-20261005-object-angular-scalar-stk-eval
libero_object,versus_reference,all_scalar,dur,reference,dur,2500,10,10,True,38.519999999999996,41.959999999999994,-3.4399999999999986,533,619,-3.439999999999999,0,arc-ss-20261005-object-all-scalar-dur-eval,arc-sc-20261004-object-reference-dur-eval
libero_object,design_contrast,all_scalar,dur,angular_scalar,dur,2500,10,10,True,38.519999999999996,67.92,-29.400000000000006,190,925,-29.4,0,arc-ss-20261005-object-all-scalar-dur-eval,arc-ss-20261005-object-angular-scalar-dur-eval
libero_object,duration_vs_stk,all_scalar,dur,all_scalar,stk,2500,10,10,True,38.519999999999996,18.48,20.04,959,458,20.04,0,arc-ss-20261005-object-all-scalar-dur-eval,arc-ss-20261005-object-all-scalar-stk-eval
libero_goal,duration_vs_stk,reference,dur,reference,stk,2500,10,10,True,89.36,85.52,3.839999999999999,270,174,3.840000000000001,0,arc-sr-20261003-goal-reference-dur-eval,arc-se-20261003-goal-reference-stk-eval
libero_goal,versus_reference,gripper,stk,reference,stk,2500,10,10,True,87.03999999999999,85.52,1.5199999999999991,259,221,1.5200000000000002,0,arc-sr-20261003-goal-gripper-stk-eval,arc-se-20261003-goal-reference-stk-eval
libero_goal,versus_reference,component_time,dur,reference,dur,2500,10,10,True,88.12,89.36,-1.2399999999999967,198,229,-1.2400000000000009,0,arc-st-20261005-goal-component-time-dur-eval,arc-sr-20261003-goal-reference-dur-eval
libero_goal,design_contrast,component_time,dur,component_velocity,dur,2500,10,10,True,88.12,88.32,-0.20000000000000018,136,141,-0.2000000000000013,0,arc-st-20261005-goal-component-time-dur-eval,arc-st-20261005-goal-component-velocity-dur-eval
libero_goal,combined_timing_change,component_time,dur,gripper,dur,2500,10,10,True,88.12,88.92,-0.8000000000000007,198,218,-0.8000000000000007,0,arc-st-20261005-goal-component-time-dur-eval,arc-st-20261005-goal-gripper-dur-eval
libero_goal,duration_vs_stk,component_time,dur,component_time,stk,2500,10,10,True,88.12,75.68,12.439999999999996,487,176,12.440000000000001,0,arc-st-20261005-goal-component-time-dur-eval,arc-st-20261005-goal-component-time-stk-eval
libero_goal,versus_reference,gripper,dur,reference,dur,2500,10,10,True,88.92,89.36,-0.43999999999999595,199,210,-0.4400000000000004,0,arc-st-20261005-goal-gripper-dur-eval,arc-sr-20261003-goal-reference-dur-eval
libero_goal,duration_vs_stk,gripper,dur,gripper,stk,2500,10,10,True,88.92,87.03999999999999,1.880000000000004,233,186,1.8800000000000003,0,arc-st-20261005-goal-gripper-dur-eval,arc-sr-20261003-goal-gripper-stk-eval
libero_goal,versus_reference,xyz_scalar,stk,reference,stk,2500,10,10,True,68.04,85.52,-17.479999999999997,184,621,-17.479999999999997,0,arc-st-20261005-goal-xyz-scalar-stk-eval,arc-se-20261003-goal-reference-stk-eval
libero_goal,design_contrast,xyz_scalar,stk,gripper,stk,2500,10,10,True,68.04,87.03999999999999,-18.999999999999993,172,647,-19.0,0,arc-st-20261005-goal-xyz-scalar-stk-eval,arc-sr-20261003-goal-gripper-stk-eval
libero_goal,versus_reference,xyz_scalar,dur,reference,dur,2500,10,10,True,87.83999999999999,89.36,-1.5199999999999991,206,244,-1.5200000000000002,0,arc-st-20261005-goal-xyz-scalar-dur-eval,arc-sr-20261003-goal-reference-dur-eval
libero_goal,design_contrast,xyz_scalar,dur,gripper,dur,2500,10,10,True,87.83999999999999,88.92,-1.0800000000000032,187,214,-1.0799999999999998,0,arc-st-20261005-goal-xyz-scalar-dur-eval,arc-st-20261005-goal-gripper-dur-eval
libero_goal,duration_vs_stk,xyz_scalar,dur,xyz_scalar,stk,2500,10,10,True,87.83999999999999,68.04,19.799999999999997,658,163,19.800000000000004,0,arc-st-20261005-goal-xyz-scalar-dur-eval,arc-st-20261005-goal-xyz-scalar-stk-eval
libero_goal,versus_reference,component_velocity,stk,reference,stk,2500,10,10,True,85.39999999999999,85.52,-0.11999999999999789,242,245,-0.1200000000000001,0,arc-st-20261005-goal-component-velocity-stk-eval,arc-se-20261003-goal-reference-stk-eval
libero_goal,design_contrast,component_velocity,stk,gripper,stk,2500,10,10,True,85.39999999999999,87.03999999999999,-1.639999999999997,230,271,-1.6400000000000006,0,arc-st-20261005-goal-component-velocity-stk-eval,arc-sr-20261003-goal-gripper-stk-eval
libero_goal,versus_reference,component_velocity,dur,reference,dur,2500,10,10,True,88.32,89.36,-1.0399999999999965,210,236,-1.0399999999999998,0,arc-st-20261005-goal-component-velocity-dur-eval,arc-sr-20261003-goal-reference-dur-eval
libero_goal,design_contrast,component_velocity,dur,gripper,dur,2500,10,10,True,88.32,88.92,-0.6000000000000005,202,217,-0.5999999999999994,0,arc-st-20261005-goal-component-velocity-dur-eval,arc-st-20261005-goal-gripper-dur-eval
libero_goal,duration_vs_stk,component_velocity,dur,component_velocity,stk,2500,10,10,True,88.32,85.39999999999999,2.9200000000000004,294,221,2.920000000000001,0,arc-st-20261005-goal-component-velocity-dur-eval,arc-st-20261005-goal-component-velocity-stk-eval
libero_goal,versus_reference,component_time,stk,reference,stk,2500,10,10,True,75.68,85.52,-9.839999999999993,214,460,-9.84,0,arc-st-20261005-goal-component-time-stk-eval,arc-se-20261003-goal-reference-stk-eval
libero_goal,design_contrast,component_time,stk,component_velocity,stk,2500,10,10,True,75.68,85.39999999999999,-9.719999999999995,191,434,-9.720000000000002,0,arc-st-20261005-goal-component-time-stk-eval,arc-st-20261005-goal-component-velocity-stk-eval
libero_goal,combined_timing_change,component_time,stk,gripper,stk,2500,10,10,True,75.68,87.03999999999999,-11.359999999999992,203,487,-11.360000000000001,0,arc-st-20261005-goal-component-time-stk-eval,arc-sr-20261003-goal-gripper-stk-eval
libero_goal,versus_reference,x_yz,stk,reference,stk,2500,10,10,True,80.2,85.52,-5.319999999999991,234,367,-5.32,0,arc-st-20261005-goal-x-yz-stk-eval,arc-se-20261003-goal-reference-stk-eval
libero_goal,design_contrast,x_yz,stk,gripper,stk,2500,10,10,True,80.2,87.03999999999999,-6.839999999999991,205,376,-6.840000000000001,0,arc-st-20261005-goal-x-yz-stk-eval,arc-sr-20261003-goal-gripper-stk-eval
libero_goal,versus_reference,x_yz,dur,reference,dur,2500,10,10,True,87.56,89.36,-1.7999999999999905,192,237,-1.7999999999999994,0,arc-st-20261005-goal-x-yz-dur-eval,arc-sr-20261003-goal-reference-dur-eval
libero_goal,design_contrast,x_yz,dur,gripper,dur,2500,10,10,True,87.56,88.92,-1.3599999999999945,195,229,-1.359999999999999,0,arc-st-20261005-goal-x-yz-dur-eval,arc-st-20261005-goal-gripper-dur-eval
libero_goal,duration_vs_stk,x_yz,dur,x_yz,stk,2500,10,10,True,87.56,80.2,7.359999999999999,386,202,7.360000000000002,0,arc-st-20261005-goal-x-yz-dur-eval,arc-st-20261005-goal-x-yz-stk-eval
libero_goal,versus_reference,y_xz,stk,reference,stk,2500,10,10,True,79.0,85.52,-6.5199999999999925,217,380,-6.5200000000000005,0,arc-st-20261005-goal-y-xz-stk-eval,arc-se-20261003-goal-reference-stk-eval
libero_goal,design_contrast,y_xz,stk,gripper,stk,2500,10,10,True,79.0,87.03999999999999,-8.039999999999992,227,428,-8.040000000000001,0,arc-st-20261005-goal-y-xz-stk-eval,arc-sr-20261003-goal-gripper-stk-eval
libero_goal,versus_reference,y_xz,dur,reference,dur,2500,10,10,True,87.52,89.36,-1.8399999999999972,193,239,-1.8399999999999999,0,arc-st-20261005-goal-y-xz-dur-eval,arc-sr-20261003-goal-reference-dur-eval
libero_goal,design_contrast,y_xz,dur,gripper,dur,2500,10,10,True,87.52,88.92,-1.4000000000000012,186,221,-1.4000000000000001,0,arc-st-20261005-goal-y-xz-dur-eval,arc-st-20261005-goal-gripper-dur-eval
libero_goal,duration_vs_stk,y_xz,dur,y_xz,stk,2500,10,10,True,87.52,79.0,8.519999999999994,411,198,8.520000000000001,0,arc-st-20261005-goal-y-xz-dur-eval,arc-st-20261005-goal-y-xz-stk-eval
libero_goal,versus_reference,z_xy,stk,reference,stk,2500,10,10,True,79.64,85.52,-5.879999999999996,232,379,-5.88,0,arc-st-20261005-goal-z-xy-stk-eval,arc-se-20261003-goal-reference-stk-eval
libero_goal,design_contrast,z_xy,stk,gripper,stk,2500,10,10,True,79.64,87.03999999999999,-7.399999999999995,202,387,-7.4,0,arc-st-20261005-goal-z-xy-stk-eval,arc-sr-20261003-goal-gripper-stk-eval
libero_goal,versus_reference,z_xy,dur,reference,dur,2500,10,10,True,88.56,89.36,-0.7999999999999896,208,228,-0.8000000000000028,0,arc-st-20261005-goal-z-xy-dur-eval,arc-sr-20261003-goal-reference-dur-eval
libero_goal,design_contrast,z_xy,dur,gripper,dur,2500,10,10,True,88.56,88.92,-0.35999999999999366,200,209,-0.3600000000000025,0,arc-st-20261005-goal-z-xy-dur-eval,arc-st-20261005-goal-gripper-dur-eval
libero_goal,duration_vs_stk,z_xy,dur,z_xy,stk,2500,10,10,True,88.56,79.64,8.920000000000005,403,180,8.919999999999996,0,arc-st-20261005-goal-z-xy-dur-eval,arc-st-20261005-goal-z-xy-stk-eval
libero_goal,versus_reference,angular_driver,stk,reference,stk,2500,10,10,True,90.52,85.52,5.000000000000004,282,157,5.000000000000001,0,arc-st-20261005-goal-angular-driver-stk-eval,arc-se-20261003-goal-reference-stk-eval
libero_goal,design_contrast,angular_driver,stk,gripper,stk,2500,10,10,True,90.52,87.03999999999999,3.4800000000000053,260,173,3.4800000000000013,0,arc-st-20261005-goal-angular-driver-stk-eval,arc-sr-20261003-goal-gripper-stk-eval
libero_goal,versus_reference,angular_driver,dur,reference,dur,2285,10,8,False,91.2910284463895,89.67177242888403,1.619256017505477,183,146,0.30000000000000027,0,arc-st-20261005-goal-angular-driver-dur-eval,arc-sr-20261003-goal-reference-dur-eval
libero_goal,design_contrast,angular_driver,dur,gripper,dur,2285,10,8,False,91.2910284463895,89.19037199124726,2.1006564551422358,183,135,2.0500000000000007,0,arc-st-20261005-goal-angular-driver-dur-eval,arc-st-20261005-goal-gripper-dur-eval
libero_goal,duration_vs_stk,angular_driver,dur,angular_driver,stk,2285,10,8,False,91.2910284463895,90.37199124726477,0.9190371991247281,155,134,0.30000000000000027,0,arc-st-20261005-goal-angular-driver-dur-eval,arc-st-20261005-goal-angular-driver-stk-eval
libero_10,duration_vs_stk,reference,dur,reference,stk,2500,10,10,True,53.800000000000004,54.64,-0.8399999999999963,407,428,-0.8400000000000016,0,arc-sr-20261003-10-reference-dur-eval,arc-sr-20261003-10-reference-stk-eval
libero_10,versus_reference,gripper,stk,reference,stk,2500,10,10,True,55.60000000000001,54.64,0.9600000000000053,447,423,0.9599999999999991,0,arc-sr-20261003-10-gripper-stk-eval,arc-sr-20261003-10-reference-stk-eval
libero_10,versus_reference,component_time,dur,reference,dur,2500,10,10,True,54.67999999999999,53.800000000000004,0.8799999999999919,414,392,0.8800000000000002,0,arc-sr-20261003-10-component-time-dur-eval,arc-sr-20261003-10-reference-dur-eval
libero_10,design_contrast,component_time,dur,component_velocity,dur,2500,10,10,True,54.67999999999999,52.800000000000004,1.8799999999999928,360,313,1.880000000000002,0,arc-sr-20261003-10-component-time-dur-eval,arc-st-20261005-10-component-velocity-dur-eval
libero_10,combined_timing_change,component_time,dur,gripper,dur,2500,10,10,True,54.67999999999999,55.800000000000004,-1.1200000000000099,398,426,-1.1199999999999994,0,arc-sr-20261003-10-component-time-dur-eval,arc-st-20261005-10-gripper-dur-eval
libero_10,duration_vs_stk,component_time,dur,component_time,stk,2500,10,10,True,54.67999999999999,46.88,7.799999999999995,570,375,7.799999999999999,0,arc-sr-20261003-10-component-time-dur-eval,arc-st-20261005-10-component-time-stk-eval
libero_10,versus_reference,gripper,dur,reference,dur,2500,10,10,True,55.800000000000004,53.800000000000004,2.0000000000000018,417,367,1.9999999999999996,0,arc-st-20261005-10-gripper-dur-eval,arc-sr-20261003-10-reference-dur-eval
libero_10,duration_vs_stk,gripper,dur,gripper,stk,2500,10,10,True,55.800000000000004,55.60000000000001,0.20000000000000018,418,413,0.19999999999999912,0,arc-st-20261005-10-gripper-dur-eval,arc-sr-20261003-10-gripper-stk-eval
libero_10,versus_reference,xyz_scalar,stk,reference,stk,2500,10,10,True,41.92,54.64,-12.719999999999999,318,636,-12.720000000000002,0,arc-st-20261005-10-xyz-scalar-stk-eval,arc-sr-20261003-10-reference-stk-eval
libero_10,design_contrast,xyz_scalar,stk,gripper,stk,2500,10,10,True,41.92,55.60000000000001,-13.680000000000003,310,652,-13.680000000000001,0,arc-st-20261005-10-xyz-scalar-stk-eval,arc-sr-20261003-10-gripper-stk-eval
libero_10,versus_reference,xyz_scalar,dur,reference,dur,2500,10,10,True,53.2,53.800000000000004,-0.6000000000000005,392,407,-0.599999999999999,0,arc-st-20261005-10-xyz-scalar-dur-eval,arc-sr-20261003-10-reference-dur-eval
libero_10,design_contrast,xyz_scalar,dur,gripper,dur,2500,10,10,True,53.2,55.800000000000004,-2.6000000000000023,393,458,-2.5999999999999988,0,arc-st-20261005-10-xyz-scalar-dur-eval,arc-st-20261005-10-gripper-dur-eval
libero_10,duration_vs_stk,xyz_scalar,dur,xyz_scalar,stk,2500,10,10,True,53.2,41.92,11.280000000000001,587,305,11.28,0,arc-st-20261005-10-xyz-scalar-dur-eval,arc-st-20261005-10-xyz-scalar-stk-eval
libero_10,versus_reference,component_velocity,stk,reference,stk,2500,10,10,True,53.44,54.64,-1.200000000000001,451,481,-1.2000000000000015,0,arc-st-20261005-10-component-velocity-stk-eval,arc-sr-20261003-10-reference-stk-eval
libero_10,design_contrast,component_velocity,stk,gripper,stk,2500,10,10,True,53.44,55.60000000000001,-2.1600000000000064,431,485,-2.160000000000001,0,arc-st-20261005-10-component-velocity-stk-eval,arc-sr-20261003-10-gripper-stk-eval
libero_10,versus_reference,component_velocity,dur,reference,dur,2500,10,10,True,52.800000000000004,53.800000000000004,-1.0000000000000009,397,422,-1.0000000000000016,0,arc-st-20261005-10-component-velocity-dur-eval,arc-sr-20261003-10-reference-dur-eval
libero_10,design_contrast,component_velocity,dur,gripper,dur,2500,10,10,True,52.800000000000004,55.800000000000004,-3.0000000000000027,378,453,-3.0000000000000013,0,arc-st-20261005-10-component-velocity-dur-eval,arc-st-20261005-10-gripper-dur-eval
libero_10,duration_vs_stk,component_velocity,dur,component_velocity,stk,2500,10,10,True,52.800000000000004,53.44,-0.6399999999999961,423,439,-0.6400000000000015,0,arc-st-20261005-10-component-velocity-dur-eval,arc-st-20261005-10-component-velocity-stk-eval
libero_10,versus_reference,component_time,stk,reference,stk,2500,10,10,True,46.88,54.64,-7.76,392,586,-7.760000000000001,0,arc-st-20261005-10-component-time-stk-eval,arc-sr-20261003-10-reference-stk-eval
libero_10,design_contrast,component_time,stk,component_velocity,stk,2500,10,10,True,46.88,53.44,-6.559999999999999,363,527,-6.56,0,arc-st-20261005-10-component-time-stk-eval,arc-st-20261005-10-component-velocity-stk-eval
libero_10,combined_timing_change,component_time,stk,gripper,stk,2500,10,10,True,46.88,55.60000000000001,-8.720000000000006,381,599,-8.719999999999999,0,arc-st-20261005-10-component-time-stk-eval,arc-sr-20261003-10-gripper-stk-eval
