source,source_sha,old_config,disposition,canonical_config,source_composition,source_model_hash,destination_model_hash,experiment_callers,compatibility
A,20507c6866f8a167e0e2858141299dbf6ccddeb0,model/abc/yam_bimanual_dp.yaml,kept,model/abc/yam_bimanual_dp.yaml,resolved,aca84f52faa6902952dea94d71ca60698ccfe9cfc2be55cca93a89e28751374c,c911f20351c9d67c5048db4d57f7f84dc30df80595ce9e183db5ad8b74a4cecf,experiment/abc/yam_fstshirt_dp.yaml;experiment/abc_arc/abc_fstshirt_bc.yaml,"Keep distinct graph, initialization and representation; use declared model/data bindings."
A,20507c6866f8a167e0e2858141299dbf6ccddeb0,model/abc/yam_bimanual_hpt.yaml,kept,model/abc/yam_bimanual_hpt.yaml,resolved,051f3ce3093d72295b0d76e8418d93190c38749f2305b597bc830661e78f5825,26213b106cfe0693f206d1a87a96f04b3698071057642a361512259ca41ee289,experiment/abc/yam_fstshirt_hpt.yaml,"Keep distinct graph, initialization and representation; use declared model/data bindings."
A,20507c6866f8a167e0e2858141299dbf6ccddeb0,model/abc_arc/hpt_bimanual_visual.yaml,kept,model/abc_arc/hpt_bimanual_visual.yaml,resolved,439b9c13892ae78936fc0586c1bc93d05a203bd832d5c5180b688a3a4d494422,65d79785b01004f25ec571be3e9bf9471defb6c46295efe1a57458313059d23f,experiment/abc_arc/human_bc/mecka_fold_clothes_40h_human_visual_baseline_openloop.yaml;experiment/abc_arc/human_bc/mecka_fold_clothes_40h_human_visual_hybrid_openloop.yaml,"Canonical A pretrained ResNet+MLP, train-only jitter, per-arm R and explicit wide layout. C/direct-ResNet saved checkpoints require original config/runtime."
A,20507c6866f8a167e0e2858141299dbf6ccddeb0,model/abc_arc/hpt_yam_visual.yaml,kept,model/abc_arc/hpt_yam_visual.yaml,resolved,f0963f8936e8479f1d33ff57b97e8f2f70dd277c551c71ba76b9dab5fb32b881,cdca1f25c143ca3de05cee45787870237b882d64dbc32363882f047e736e7a7c,experiment/abc_arc/robot_bc/abc_multitask4_hpt300_baseline_visual_openloop.yaml;experiment/abc_arc/robot_bc/abc_multitask4_hpt300_hybrid_visual_openloop.yaml;experiment/abc_arc/robot_bc/abc_towels_hpt180_baseline_param_matched_visual_openloop.yaml;experiment/abc_arc/robot_bc/abc_towels_hpt180_baseline_visual_openloop.yaml;experiment/abc_arc/robot_bc/abc_towels_hpt180_hybrid_visual_openloop.yaml;experiment/abc_arc/robot_bc/abc_visual_hpt300_base.yaml;experiment/abc_arc/robot_bc/stationery_rl2_hpt300_visual_baseline_openloop.yaml;experiment/abc_arc/robot_bc/stationery_rl2_hpt300_visual_hybrid_openloop.yaml,"Canonical A pretrained ResNet+MLP, train-only jitter, per-arm R and explicit wide layout. C/direct-ResNet saved checkpoints require original config/runtime."
A,20507c6866f8a167e0e2858141299dbf6ccddeb0,model/abc_arc/hpt_yam_visual_arc_stream.yaml,kept,model/abc_arc/hpt_yam_visual_arc_stream.yaml,resolved,5a02223fb0c2dee99fd1e32ebd1703cf79b3c786dae713f7cf4e3bd45154ce12,77894785b728ccc5f8bc820fddcf53f13a9f6de716b092324c8b0905419a364b,experiment/abc_arc/robot_bc/abc_towels_hpt180_hybrid_mot_directional_visual_openloop.yaml;experiment/abc_arc/robot_bc/abc_towels_hpt180_hybrid_mot_parallel_visual_openloop.yaml;experiment/abc_arc/robot_bc/abc_towels_hpt180_hybrid_shared_directional_visual_openloop.yaml;experiment/abc_arc/robot_bc/abc_towels_hpt180_hybrid_velocity_decoder_visual_openloop.yaml,"Canonical A pretrained ResNet+MLP, train-only jitter, per-arm R and explicit wide layout. C/direct-ResNet saved checkpoints require original config/runtime."
A,20507c6866f8a167e0e2858141299dbf6ccddeb0,model/bf/bf_planar_v2_arc_graph_tok.yaml,kept,model/bf/bf_planar_v2_arc_graph_tok.yaml,resolved,5696fa8279b0de797a60f1b0b9914bedc8b1b312742aa32fc3b4fbad25f43bd7,206ad0770180a2010b422dc768ec20814e10c50376e6c26a25e8cacd1d6cb0a4,experiment/pusht/planar_v2_usocket_arc_graph_tok.yaml,"Keep distinct graph, initialization and representation; use declared model/data bindings."
A,20507c6866f8a167e0e2858141299dbf6ccddeb0,model/bf/bf_planar_v2_dp_paper.yaml,kept,model/bf/bf_planar_v2_dp_paper.yaml,resolved,3da30853b12192b02a8351d2da5b0163e86bfa25780e0b21ac2e720f2c5480cd,9dde05fe2007253ad8246ffb54d3f2ee381a0d479d804ada3fe7684187fa8523,experiment/pusht/planar_v2_chain_dp_paper.yaml;experiment/pusht/planar_v2_usocket_arc_paper_curvature_D40_M16_R24deg.yaml;experiment/pusht/planar_v2_usocket_arc_paper_uniform_D40_M16_R24deg.yaml;experiment/pusht/planar_v2_usocket_dp_paper.yaml,"Keep distinct graph, initialization and representation; use declared model/data bindings."
A,20507c6866f8a167e0e2858141299dbf6ccddeb0,model/bf/bf_planar_v2_dp_standard.yaml,kept,model/bf/bf_planar_v2_dp_standard.yaml,resolved,3a4b6e004aca971eb36013fc081458f826a8be6595eaf041fe87de70c3f32984,80575122241cbef17d4b88dcc03db929203ee1be0488c99d1c9218c3b4fa0e33,experiment/pusht/planar_v2_chain_dp_standard.yaml;experiment/pusht/planar_v2_cotrain_clean_dp_standard.yaml;experiment/pusht/planar_v2_usocket_dp_standard.yaml,"Keep distinct graph, initialization and representation; use declared model/data bindings."
A,20507c6866f8a167e0e2858141299dbf6ccddeb0,model/bf/bf_planar_v2_flow.yaml,kept,model/bf/bf_planar_v2_flow.yaml,resolved,7b9460af44756bd0f7f15016d9782689cef71ca76d5361ca48d57bfda4bc189d,5b8cd87436b6e0ec10b8babba4da4508d023b79dc426ce7f1268e5ca1295c47d,experiment/pusht/planar_v2_chain_arc_bc.yaml;experiment/pusht/planar_v2_chain_direct_bc.yaml;experiment/pusht/planar_v2_usocket_arc_bc.yaml;experiment/pusht/planar_v2_usocket_arc_hybrid_D40_M16_R24deg_bc.yaml;experiment/pusht/planar_v2_usocket_direct_bc.yaml,"Keep distinct graph, initialization and representation; use declared model/data bindings."
A,20507c6866f8a167e0e2858141299dbf6ccddeb0,model/bf/ct_unite_register_separate_nt8_h384_s42.yaml,kept,model/bf/ct_unite_register_separate_nt8_h384_s42.yaml,resolved,53cbff5814c99608f7743d958cbe29e94a69ab966ba36e76dc5125d447e4121a,a7edc5e44eb0c5327237774ae4662994c235a8cebc8e087b790a02ed97dd15b8,experiment/pusht/unite_cotrain_usocket_chain_val01_h16.yaml,"Keep distinct graph, initialization and representation; use declared model/data bindings."
A,20507c6866f8a167e0e2858141299dbf6ccddeb0,model/bf/us_action_flow_bc_latent_fm_sg_200m_adamw.yaml,kept,model/bf/us_action_flow_bc_latent_fm_sg_200m_adamw.yaml,resolved,63bdc7c188714cb3036fb91b6e7bca2b9a7d9655b5f7e043d35d9c97e7a17243,463d5282811224cbe29f6b5eb299b69d73f62127997a5a6cd27d01bee91d6a4d,experiment/pusht/action_flow_bc_usocket_latent_fm_sg_recon1_200m_adamw_lr1e5_s42.yaml,"Keep distinct graph, initialization and representation; use declared model/data bindings."
A,20507c6866f8a167e0e2858141299dbf6ccddeb0,model/bf/us_action_flow_bc_latent_fm_sg_200m_muon.yaml,kept,model/bf/us_action_flow_bc_latent_fm_sg_200m_muon.yaml,resolved,8ea3202d1720bd5356aa36a0cfa271bdaa6f8a10fd165c9929f01d8244ff2b62,1ecc9b14d8973091d7e2d1ebfb9d8e21b4c344bcdf954c5f4a26251bcfd5055a,experiment/pusht/action_flow_bc_usocket_latent_fm_sg_recon1_200m_muon_lr1e5_s42.yaml,"Keep distinct graph, initialization and representation; use declared model/data bindings."
A,20507c6866f8a167e0e2858141299dbf6ccddeb0,model/bf/us_action_flow_latent_fm_sg_unite_h384.yaml,kept,model/bf/us_action_flow_latent_fm_sg_unite_h384.yaml,resolved,fa2384a86c7a92fa61d7ac2c53f80c89d43877f7f5929aee0a1568920fa0c8b6,81464b213936fd942c773a7d848f9f5fcac6d81f55c393deb8be1d5e44380af1,experiment/pusht/action_flow_chain_latent_fm_sg_unite_h384_sum14_cfg4_val8_s42.yaml;experiment/pusht/action_flow_usocket_candidate_common.yaml;experiment/pusht/action_flow_usocket_latent_fm_sg_unite_denoiser90m_sum14_cfg4_finalval1_s42.yaml;experiment/pusht/action_flow_usocket_latent_fm_sg_unite_h384_s42.yaml;experiment/pusht/action_flow_usocket_latent_fm_sg_unite_h384_sum14_cfg4_val8_s42.yaml;experiment/pusht/action_flow_usocket_latent_fm_sg_unite_h384_sum14_cfg4_val8_scale1_s42.yaml,"Keep distinct graph, initialization and representation; use declared model/data bindings."
A,20507c6866f8a167e0e2858141299dbf6ccddeb0,model/bf/us_action_latent_vfm_nt16_d8_h512_s42.yaml,kept,model/bf/us_action_latent_vfm_nt16_d8_h512_s42.yaml,resolved,cad935b7df091313460ff05bd6cd4c85a5dcffa5871d041fade7e97f16bc91bf,42f415d6db34b9fe17810aba71520749c7a50783de6c0a4a068d7a7c8195f2d8,experiment/pusht/action_latent_vfm_usocket_val01_h16.yaml,"Keep distinct graph, initialization and representation; use declared model/data bindings."
A,20507c6866f8a167e0e2858141299dbf6ccddeb0,model/bf/us_unite_register_separate_nt4_s42.yaml,kept,model/bf/us_unite_register_separate_nt4_s42.yaml,resolved,d18639ce5636a04a1c70f35b407f17dd2eb1fafb6c07653262c0d87016884680,81208da28f7b4621b0a6e8d7badeb20a3bfd6240e404a2bc2c2623e7222c2659,,"Keep distinct graph, initialization and representation; use declared model/data bindings."
A,20507c6866f8a167e0e2858141299dbf6ccddeb0,model/bf/us_unite_register_separate_nt8_s42.yaml,kept,model/bf/us_unite_register_separate_nt8_s42.yaml,resolved,cf3694be90fa5d8fb74a5e2fd34023329f41bd0a2add7ac5072f7e5b104b5850,1e378f97e30ccfce19ea4f87434b00110e88a0fdc45160224d0757a83d39944c,,"Keep distinct graph, initialization and representation; use declared model/data bindings."
A,20507c6866f8a167e0e2858141299dbf6ccddeb0,model/bf/us_unite_register_shared_nt16_s42.yaml,kept,model/bf/us_unite_register_shared_nt16_s42.yaml,resolved,37552200046810ebfaa36ab483c2639192897405b04f108159a8e1cd1d7ee2fc,373b7ba0e70d573bf869cb601534ce9b25d866ecd02f0280635b71cfe4ed5b9d,,"Keep distinct graph, initialization and representation; use declared model/data bindings."
A,20507c6866f8a167e0e2858141299dbf6ccddeb0,model/bf/us_unite_register_shared_nt4_s42.yaml,kept,model/bf/us_unite_register_shared_nt4_s42.yaml,resolved,91a88275147e74bc7aef53ac01b507b00e155a625acf7ee45f40865dbeb715e9,ae0246d98d60410c835c25da698b89e2d0f526b6fd61eea4ac843b312b4174bc,experiment/pusht/unite_usocket_register_sweep_val01_h16.yaml,"Keep distinct graph, initialization and representation; use declared model/data bindings."
A,20507c6866f8a167e0e2858141299dbf6ccddeb0,model/bf/us_unite_register_shared_nt8_flow42_s42.yaml,kept,model/bf/us_unite_register_shared_nt8_flow42_s42.yaml,resolved,6be5bf5b0545eefea032ab42220452099a16313403493c2154406d5ad8329672,915fc0eed62d008fc05730049d3b96947340eae46260f463eacaf327b9c0af67,,"Keep distinct graph, initialization and representation; use declared model/data bindings."
A,20507c6866f8a167e0e2858141299dbf6ccddeb0,model/bf/us_unite_register_shared_nt8_s42.yaml,kept,model/bf/us_unite_register_shared_nt8_s42.yaml,resolved,6e4d89ded391aa465b0cbf4f50b5096183dab59bd2248e0efb991d39986f1794,91779af7e1c0b14801565ea8c03584378e9c5a65a57194f72d38a2a14e724070,,"Keep distinct graph, initialization and representation; use declared model/data bindings."
A,20507c6866f8a167e0e2858141299dbf6ccddeb0,model/e1/hpt_flow.yaml,kept,model/e1/hpt_flow.yaml,resolved,0d2deaf3d41b30732b7268b1830983328ac1b81e68e8668320c0e15fbf66eda7,2dc887c2171601a18300a84a8a7f66d9f9753eaaae9746460317daa12a34216c,experiment/e1/abc_arcdur.yaml;experiment/e1/abc_arclogdur.yaml;experiment/e1/abc_arclogdur_D75.yaml;experiment/e1/abc_arclogdur_fs.yaml;experiment/e1/abc_arcmean.yaml;experiment/e1/abc_arcmean_D75.yaml;experiment/e1/abc_arcmean_fs.yaml;experiment/e1/abc_arcvel.yaml;experiment/e1/abc_time.yaml;experiment/e1/abcst_arclogdur.yaml;experiment/e1/abcst_arclogdur_fs.yaml;experiment/e1/abcst_arcmean.yaml;experiment/e1/abcst_arcmean_fs.yaml;experiment/e1/abcst_time.yaml;experiment/e1/fold_arcdur.yaml;experiment/e1/fold_arclogdur.yaml;experiment/e1/fold_arclogdur_ps.yaml;experiment/e1/fold_arcmean.yaml;experiment/e1/fold_arcmean_D75.yaml;experiment/e1/fold_arcvel.yaml;experiment/e1/fold_time.yaml,"Keep distinct graph, initialization and representation; use declared model/data bindings."
A,20507c6866f8a167e0e2858141299dbf6ccddeb0,model/e1/hpt_flow_wrists.yaml,kept,model/e1/hpt_flow_wrists.yaml,resolved,ae44ef5aeea795f2b77b4b9535441d45e22bd92eee995016506b4b97d29b7aab,57868ee798fcb03d866f735d6e6f61b71f550b203f5f49c14944ffba073c8f58,experiment/abc_arc/abc_stationery_arc_bc.yaml;experiment/abc_arc/abc_stationery_bc.yaml;experiment/abc_arc/shorts_extreme_arc_bc.yaml;experiment/abc_arc/shorts_extreme_arcdur.yaml;experiment/abc_arc/shorts_extreme_bc.yaml;experiment/e1/abcs_arclogdur.yaml;experiment/e1/abcs_arcmean.yaml;experiment/e1/abcs_time.yaml;experiment/yam_arc_grid/stationery_midtempo_arcdur.yaml;experiment/yam_arc_grid/stationery_midtempo_time.yaml,"Keep distinct graph, initialization and representation; use declared model/data bindings."
A,20507c6866f8a167e0e2858141299dbf6ccddeb0,model/pi05/pi0.5_bc_abc_eva_6d.yaml,kept,model/pi05/pi0.5_bc_abc_eva_6d.yaml,resolved,00515eb094693884c69a7543770caef1775c6d6f2d4ac4b54f02da9e757624d3,0063bf23dd2cd99e3a25149aae0305c8b389425a626911b7a08c46e194710b84,,"Keep distinct graph, initialization and representation; use declared model/data bindings."
A,20507c6866f8a167e0e2858141299dbf6ccddeb0,model/pi05/pi0.5_bc_eva.yaml,kept,model/pi05/pi0.5_bc_eva.yaml,resolved,ad7997aff3e55e4588339dabd55d618f569b2f47f8af301732a153e6606c4066,36c59420c5d1c2e621c37ee497ae6372a2ad8787cd798b75349e03cda21809c0,,"Keep distinct graph, initialization and representation; use declared model/data bindings."
A,20507c6866f8a167e0e2858141299dbf6ccddeb0,model/pi05/pi0.5_bc_mecka_6d.yaml,kept,model/pi05/pi0.5_bc_mecka_6d.yaml,resolved,f20f9dd1568f31a94d2661ad1e31b5241e904ae6a5973c94ae86ddfa659b71b7,9853bc7a423f2812149545d19b7cb2af4d69201c9cd2a7d1ea8f0a36ee5cc95f,,"Keep distinct graph, initialization and representation; use declared model/data bindings."
A,20507c6866f8a167e0e2858141299dbf6ccddeb0,model/pi05/pi0.5_bc_mecka_abc_6d.yaml,kept,model/pi05/pi0.5_bc_mecka_abc_6d.yaml,resolved,e3062cf193f840e16da2447114571d6d2e6857f48353b37d49a15cb15f59b916,1aa01ce25451886e0d75ce3ed7fcc35c18f92ac8196561a5fd7e2bf90d404b7d,,"Keep distinct graph, initialization and representation; use declared model/data bindings."
A,20507c6866f8a167e0e2858141299dbf6ccddeb0,model/pi05/pi0.5_cotrain_eva_aria_6d.yaml,kept,model/pi05/pi0.5_cotrain_eva_aria_6d.yaml,resolved,8ae8e336f3f492f59cad33ea5f007c64db27e63330e2b44d74c57bca32e7f613,79e04621c66cd2370d9b58c7bc1ac797d44f9226824c80ebc9bf987d263ea1e6,,"Keep distinct graph, initialization and representation; use declared model/data bindings."
A,20507c6866f8a167e0e2858141299dbf6ccddeb0,model/pi05/pi0.5_ft_abc_eva_6d.yaml,aliased,model/pi05/pi0.5_bc_abc_eva_6d.yaml,resolved,00515eb094693884c69a7543770caef1775c6d6f2d4ac4b54f02da9e757624d3,0063bf23dd2cd99e3a25149aae0305c8b389425a626911b7a08c46e194710b84,,"Shared canonical definition; exact resolved equality for aliases, explicit size/width/pretraining overrides for variants."
A,20507c6866f8a167e0e2858141299dbf6ccddeb0,model/pi05/pi0.5_ft_aria_fold_grip.yaml,kept,model/pi05/pi0.5_ft_aria_fold_grip.yaml,resolved,8ae2aad79b2a59a81d39750b41b417b3f1787a426a2033a8f420f6521e24fbba,6a2c2c133af31411b72e2a76cc747f6272ce8ee75af03bd57354b603a77dd5bd,,"Keep distinct graph, initialization and representation; use declared model/data bindings."
B,eda6f8d177dec8df26ad62e3784d103b4de74d7d,model/abc/yam_bimanual_dp.yaml,kept,model/abc/yam_bimanual_dp.yaml,resolved,5d145a011aa7c6f51cb94d9ec933ba8dc5276eecb124e4ee01347d84eb9a8338,c911f20351c9d67c5048db4d57f7f84dc30df80595ce9e183db5ad8b74a4cecf,experiment/abc/yam_fstshirt_dp.yaml;experiment/abc_arc/abc_fstshirt_bc.yaml,"Keep distinct graph, initialization and representation; use declared model/data bindings."
B,eda6f8d177dec8df26ad62e3784d103b4de74d7d,model/abc/yam_bimanual_hpt.yaml,kept,model/abc/yam_bimanual_hpt.yaml,resolved,bacad5086cace699d6c78e4ed57a327fc9ae4155846fc0ef9b703d74e091c46f,26213b106cfe0693f206d1a87a96f04b3698071057642a361512259ca41ee289,experiment/abc/yam_fstshirt_hpt.yaml,"Keep distinct graph, initialization and representation; use declared model/data bindings."
B,eda6f8d177dec8df26ad62e3784d103b4de74d7d,model/abc_arc/hpt_abc_cotrain_300M_qwen_pooled.yaml,kept,model/abc_arc/hpt_abc_cotrain_300M_qwen_pooled.yaml,resolved,e76ca0e1bf5150673e0feee546cab014dc3f43ae4b843488e2dc6f815266dabe,f6516643c59a92ede8860f548168f162e4d12e10e247f193a6460a02f651c40e,experiment/abc_arc/abc_lang_fstshirt_mecka_freefold_cotrain_baseline.yaml;experiment/abc_arc/abc_lang_mecka_fold_multitask_cotrain_baseline.yaml,"Keep distinct graph, initialization and representation; use declared model/data bindings."
B,eda6f8d177dec8df26ad62e3784d103b4de74d7d,model/abc_arc/hpt_abc_cotrain_300M_qwen_pooled_arc_D40_M100.yaml,kept,model/abc_arc/hpt_abc_cotrain_300M_qwen_pooled_arc_D40_M100.yaml,resolved,e2955f1d44a00cfce6900a8571155a185b693a8f293ebc82f8345282d54a1278,681b99da6e854427e7da120879232a53f6b2fe2966bbffb8d52c03f0b33dc5f5,experiment/abc_arc/abc_lang_fstshirt_mecka_freefold_cotrain_arcD40M100.yaml;experiment/abc_arc/abc_lang_mecka_fold_multitask_cotrain_arcD40M100.yaml,"Keep distinct graph, initialization and representation; use declared model/data bindings."
B,eda6f8d177dec8df26ad62e3784d103b4de74d7d,model/abc_arc/yam_bimanual_dp_arc_D40_M100.yaml,kept,model/abc_arc/yam_bimanual_dp_arc_D40_M100.yaml,resolved,ea53ba0752d7ed2a27a7f0ece540dde46c2343435004e6753ed74a77628b1f74,770d72fe17361d7a897218fab451b22fffff75d9d241979cd9855cdf0e3a9465,experiment/abc_arc/abc_fstshirt_arc_bc.yaml,"Keep distinct graph, initialization and representation; use declared model/data bindings."
B,eda6f8d177dec8df26ad62e3784d103b4de74d7d,model/abc_arc/yam_mecka_cotrain_dp_300M_arc_D40_M100.yaml,kept,model/abc_arc/yam_mecka_cotrain_dp_300M_arc_D40_M100.yaml,resolved,3cb50711af59e9f7c650d894244d5b877b721e32ad2584722c5514a612210b52,c33fe936618637cef85ec4a81913fdeca4c49260b5e8a3f7a638c353c49050a6,experiment/abc_arc/abc_mecka_fold_multitask_cotrain_arcD40M100.yaml,"Keep distinct graph, initialization and representation; use declared model/data bindings."
B,eda6f8d177dec8df26ad62e3784d103b4de74d7d,model/abc_arc/yam_mecka_cotrain_dp_300M_baseline.yaml,kept,model/abc_arc/yam_mecka_cotrain_dp_300M_baseline.yaml,resolved,466bbaa380f7cc508202bfe2719a971b8a955a297eb57f57b2532d6b92fe24cc,e6e7c674ad15a5f354f7d4dc283fc30ac023e5b5dc924b2eff1cf04c11347dbb,experiment/abc_arc/abc_mecka_fold_multitask_cotrain_baseline.yaml,"Keep distinct graph, initialization and representation; use declared model/data bindings."
B,eda6f8d177dec8df26ad62e3784d103b4de74d7d,model/abc_arc/yam_mecka_cotrain_dp_arc_D40_M100.yaml,kept,model/abc_arc/yam_mecka_cotrain_dp_arc_D40_M100.yaml,resolved,a243f80da7926cf30635307cba55d1f18d9d27b2bae37721556fe1154d13aa97,46ea2652197e07837136f46d242ee405eb77ded982c72b5558376c5b21bb38c8,experiment/abc_arc/abc_fstshirt_mecka_freefold_cotrain_arcD40M100.yaml,"Keep distinct graph, initialization and representation; use declared model/data bindings."
B,eda6f8d177dec8df26ad62e3784d103b4de74d7d,model/abc_arc/yam_mecka_cotrain_dp_baseline.yaml,kept,model/abc_arc/yam_mecka_cotrain_dp_baseline.yaml,resolved,8ec59ab65b9c2836110f91c3cfcb3e5344b8dbfb21270342550dab2fa01350d1,e0c2b4537b4cdfbd36227d3aff3390a858bce0020e7d86bb178452110bf7d743,experiment/abc_arc/abc_fstshirt_mecka_freefold_cotrain_baseline.yaml,"Keep distinct graph, initialization and representation; use declared model/data bindings."
B,eda6f8d177dec8df26ad62e3784d103b4de74d7d,model/bf/bf_planar_v2_arc_graph_tok.yaml,kept,model/bf/bf_planar_v2_arc_graph_tok.yaml,resolved,c1bf8c7d21eab6862b34f48fc83827819d07e9f94af26a0e92e4cdecadd44bfc,206ad0770180a2010b422dc768ec20814e10c50376e6c26a25e8cacd1d6cb0a4,experiment/pusht/planar_v2_usocket_arc_graph_tok.yaml,"Keep distinct graph, initialization and representation; use declared model/data bindings."
B,eda6f8d177dec8df26ad62e3784d103b4de74d7d,model/bf/bf_planar_v2_dp_paper.yaml,kept,model/bf/bf_planar_v2_dp_paper.yaml,resolved,4fae801c77a4fafa19d202ad21887ab928ca240ea22e290cde3f8780b97f2114,9dde05fe2007253ad8246ffb54d3f2ee381a0d479d804ada3fe7684187fa8523,experiment/pusht/planar_v2_chain_dp_paper.yaml;experiment/pusht/planar_v2_usocket_arc_paper_curvature_D40_M16_R24deg.yaml;experiment/pusht/planar_v2_usocket_arc_paper_uniform_D40_M16_R24deg.yaml;experiment/pusht/planar_v2_usocket_dp_paper.yaml,"Keep distinct graph, initialization and representation; use declared model/data bindings."
B,eda6f8d177dec8df26ad62e3784d103b4de74d7d,model/bf/bf_planar_v2_dp_standard.yaml,kept,model/bf/bf_planar_v2_dp_standard.yaml,resolved,3fdb68d55fa5bb5b0006c3c8ef2d2aa62787efb2cd93a46681ced4a9d7f8c67b,80575122241cbef17d4b88dcc03db929203ee1be0488c99d1c9218c3b4fa0e33,experiment/pusht/planar_v2_chain_dp_standard.yaml;experiment/pusht/planar_v2_cotrain_clean_dp_standard.yaml;experiment/pusht/planar_v2_usocket_dp_standard.yaml,"Keep distinct graph, initialization and representation; use declared model/data bindings."
B,eda6f8d177dec8df26ad62e3784d103b4de74d7d,model/bf/bf_planar_v2_flow.yaml,kept,model/bf/bf_planar_v2_flow.yaml,resolved,a22b609b4e0de91b8c49ea9c5693156dad7766c65ad80d7186e1630e79c6eb74,5b8cd87436b6e0ec10b8babba4da4508d023b79dc426ce7f1268e5ca1295c47d,experiment/pusht/planar_v2_chain_arc_bc.yaml;experiment/pusht/planar_v2_chain_direct_bc.yaml;experiment/pusht/planar_v2_usocket_arc_bc.yaml;experiment/pusht/planar_v2_usocket_arc_hybrid_D40_M16_R24deg_bc.yaml;experiment/pusht/planar_v2_usocket_direct_bc.yaml,"Keep distinct graph, initialization and representation; use declared model/data bindings."
B,eda6f8d177dec8df26ad62e3784d103b4de74d7d,model/bf/ct_unite_register_separate_nt8_h384_s42.yaml,kept,model/bf/ct_unite_register_separate_nt8_h384_s42.yaml,resolved,ba5e5240ab0c002aaa31ba749302b12dc7908097a8cc678e5aa993b5fdf1340c,a7edc5e44eb0c5327237774ae4662994c235a8cebc8e087b790a02ed97dd15b8,experiment/pusht/unite_cotrain_usocket_chain_val01_h16.yaml,"Keep distinct graph, initialization and representation; use declared model/data bindings."
B,eda6f8d177dec8df26ad62e3784d103b4de74d7d,model/bf/us_action_flow_bc_latent_fm_sg_200m_adamw.yaml,kept,model/bf/us_action_flow_bc_latent_fm_sg_200m_adamw.yaml,resolved,9d0a171b8b4282d4a47e5b0f5440f4c07f3354efc197e4bee4eb2ebc5b6c5495,463d5282811224cbe29f6b5eb299b69d73f62127997a5a6cd27d01bee91d6a4d,experiment/pusht/action_flow_bc_usocket_latent_fm_sg_recon1_200m_adamw_lr1e5_s42.yaml,"Keep distinct graph, initialization and representation; use declared model/data bindings."
B,eda6f8d177dec8df26ad62e3784d103b4de74d7d,model/bf/us_action_flow_bc_latent_fm_sg_200m_muon.yaml,kept,model/bf/us_action_flow_bc_latent_fm_sg_200m_muon.yaml,resolved,e940009e70451bc9fe463eb6a641c99640a9f4c3cbe08be2578d74312254edd9,1ecc9b14d8973091d7e2d1ebfb9d8e21b4c344bcdf954c5f4a26251bcfd5055a,experiment/pusht/action_flow_bc_usocket_latent_fm_sg_recon1_200m_muon_lr1e5_s42.yaml,"Keep distinct graph, initialization and representation; use declared model/data bindings."
B,eda6f8d177dec8df26ad62e3784d103b4de74d7d,model/bf/us_action_flow_latent_fm_sg_unite_h384.yaml,kept,model/bf/us_action_flow_latent_fm_sg_unite_h384.yaml,resolved,63dfba8b00182c9991ddd7e40fa4324771123a73eafde63b83ced675b8c9c0cc,81464b213936fd942c773a7d848f9f5fcac6d81f55c393deb8be1d5e44380af1,experiment/pusht/action_flow_chain_latent_fm_sg_unite_h384_sum14_cfg4_val8_s42.yaml;experiment/pusht/action_flow_usocket_candidate_common.yaml;experiment/pusht/action_flow_usocket_latent_fm_sg_unite_denoiser90m_sum14_cfg4_finalval1_s42.yaml;experiment/pusht/action_flow_usocket_latent_fm_sg_unite_h384_s42.yaml;experiment/pusht/action_flow_usocket_latent_fm_sg_unite_h384_sum14_cfg4_val8_s42.yaml;experiment/pusht/action_flow_usocket_latent_fm_sg_unite_h384_sum14_cfg4_val8_scale1_s42.yaml,"Keep distinct graph, initialization and representation; use declared model/data bindings."
B,eda6f8d177dec8df26ad62e3784d103b4de74d7d,model/bf/us_action_latent_vfm_nt16_d8_h512_s42.yaml,kept,model/bf/us_action_latent_vfm_nt16_d8_h512_s42.yaml,resolved,4ed658889416f8d390b31972af62b5507969c8288526fbe3d5bccc2b208f6d50,42f415d6db34b9fe17810aba71520749c7a50783de6c0a4a068d7a7c8195f2d8,experiment/pusht/action_latent_vfm_usocket_val01_h16.yaml,"Keep distinct graph, initialization and representation; use declared model/data bindings."
B,eda6f8d177dec8df26ad62e3784d103b4de74d7d,model/bf/us_unite_register_separate_nt4_s42.yaml,kept,model/bf/us_unite_register_separate_nt4_s42.yaml,resolved,bc08e9b15dbc85f041a0367d9ef148f35d4617b6e8b9a1553574bb136807df20,81208da28f7b4621b0a6e8d7badeb20a3bfd6240e404a2bc2c2623e7222c2659,,"Keep distinct graph, initialization and representation; use declared model/data bindings."
B,eda6f8d177dec8df26ad62e3784d103b4de74d7d,model/bf/us_unite_register_separate_nt8_s42.yaml,kept,model/bf/us_unite_register_separate_nt8_s42.yaml,resolved,f017a84de5b8e04719e6b6261213642be589df5c6dc0436148eda4aad9a7049e,1e378f97e30ccfce19ea4f87434b00110e88a0fdc45160224d0757a83d39944c,,"Keep distinct graph, initialization and representation; use declared model/data bindings."
B,eda6f8d177dec8df26ad62e3784d103b4de74d7d,model/bf/us_unite_register_shared_nt16_s42.yaml,kept,model/bf/us_unite_register_shared_nt16_s42.yaml,resolved,998791ea4f5a2b7a0915af7d93098733164408317107531b24efc3e242e2ee43,373b7ba0e70d573bf869cb601534ce9b25d866ecd02f0280635b71cfe4ed5b9d,,"Keep distinct graph, initialization and representation; use declared model/data bindings."
B,eda6f8d177dec8df26ad62e3784d103b4de74d7d,model/bf/us_unite_register_shared_nt4_s42.yaml,kept,model/bf/us_unite_register_shared_nt4_s42.yaml,resolved,afab4407633ed1441341c2feaf5774c9bc733d03a652ca19c5e15f5fb7cf2e31,ae0246d98d60410c835c25da698b89e2d0f526b6fd61eea4ac843b312b4174bc,experiment/pusht/unite_usocket_register_sweep_val01_h16.yaml,"Keep distinct graph, initialization and representation; use declared model/data bindings."
B,eda6f8d177dec8df26ad62e3784d103b4de74d7d,model/bf/us_unite_register_shared_nt8_flow42_s42.yaml,kept,model/bf/us_unite_register_shared_nt8_flow42_s42.yaml,resolved,b08c2d2ee2a186be1b9842af24dbc7293fc6f4073af5ef70aeee6303dc9be75d,915fc0eed62d008fc05730049d3b96947340eae46260f463eacaf327b9c0af67,,"Keep distinct graph, initialization and representation; use declared model/data bindings."
B,eda6f8d177dec8df26ad62e3784d103b4de74d7d,model/bf/us_unite_register_shared_nt8_s42.yaml,kept,model/bf/us_unite_register_shared_nt8_s42.yaml,resolved,09555da5bd71a53c662813d8e5b6c18747d34a7eb43693255a7d3b4cdc80e7ef,91779af7e1c0b14801565ea8c03584378e9c5a65a57194f72d38a2a14e724070,,"Keep distinct graph, initialization and representation; use declared model/data bindings."
B,eda6f8d177dec8df26ad62e3784d103b4de74d7d,model/e1/hpt_flow.yaml,kept,model/e1/hpt_flow.yaml,resolved,c5a92d8fe2be278e591566d8b930909087bc6f9f6ccc845612dbe324f2e83caa,2dc887c2171601a18300a84a8a7f66d9f9753eaaae9746460317daa12a34216c,experiment/e1/abc_arcdur.yaml;experiment/e1/abc_arclogdur.yaml;experiment/e1/abc_arclogdur_D75.yaml;experiment/e1/abc_arclogdur_fs.yaml;experiment/e1/abc_arcmean.yaml;experiment/e1/abc_arcmean_D75.yaml;experiment/e1/abc_arcmean_fs.yaml;experiment/e1/abc_arcvel.yaml;experiment/e1/abc_time.yaml;experiment/e1/abcst_arclogdur.yaml;experiment/e1/abcst_arclogdur_fs.yaml;experiment/e1/abcst_arcmean.yaml;experiment/e1/abcst_arcmean_fs.yaml;experiment/e1/abcst_time.yaml;experiment/e1/fold_arcdur.yaml;experiment/e1/fold_arclogdur.yaml;experiment/e1/fold_arclogdur_ps.yaml;experiment/e1/fold_arcmean.yaml;experiment/e1/fold_arcmean_D75.yaml;experiment/e1/fold_arcvel.yaml;experiment/e1/fold_time.yaml,"Keep distinct graph, initialization and representation; use declared model/data bindings."
B,eda6f8d177dec8df26ad62e3784d103b4de74d7d,model/e1/hpt_flow_wrists.yaml,kept,model/e1/hpt_flow_wrists.yaml,resolved,68dda6a9f00edd5441f3b7d50f354b6c1bfd773f306bc7313cdfcaa40c76c93c,57868ee798fcb03d866f735d6e6f61b71f550b203f5f49c14944ffba073c8f58,experiment/abc_arc/abc_stationery_arc_bc.yaml;experiment/abc_arc/abc_stationery_bc.yaml;experiment/abc_arc/shorts_extreme_arc_bc.yaml;experiment/abc_arc/shorts_extreme_arcdur.yaml;experiment/abc_arc/shorts_extreme_bc.yaml;experiment/e1/abcs_arclogdur.yaml;experiment/e1/abcs_arcmean.yaml;experiment/e1/abcs_time.yaml;experiment/yam_arc_grid/stationery_midtempo_arcdur.yaml;experiment/yam_arc_grid/stationery_midtempo_time.yaml,"Keep distinct graph, initialization and representation; use declared model/data bindings."
B,eda6f8d177dec8df26ad62e3784d103b4de74d7d,model/egobridge.yaml,kept,model/egobridge.yaml,resolved,ba6f8eba02be64e94c79b1651388e2551a8f20ee2e179d5fffd5b6a76aac57b5,aeb6dd1cae2fac44a14c9568d9d6678a85f5611f686ad4978a44566c32811c6a,,"Keep distinct graph, initialization and representation; use declared model/data bindings."
B,eda6f8d177dec8df26ad62e3784d103b4de74d7d,model/hpt_bc_flow_aria.yaml,aliased,model/hpt_bc_flow_human.yaml,resolved,d6973d6719cc52181e4fd6e84882b9954aab595f2998600e90a5ff1c0cbf3af0,c80459e3c35e62d3d290dca76eac08347693228e79ae74169de77ac108fb57ce,,"Shared canonical definition; exact resolved equality for aliases, explicit size/width/pretraining overrides for variants."
B,eda6f8d177dec8df26ad62e3784d103b4de74d7d,model/hpt_bc_flow_eva.yaml,kept,model/hpt_bc_flow_eva.yaml,resolved,c82b81ada38761e1620742e07c15865db1c7e6b070cfe92f56b5b8859df5956d,8e9d4899ce3cfc354307dc8fbc49452c8f8e9dcbfadcbc2ec34e009e291dbc67,,"Keep distinct graph, initialization and representation; use declared model/data bindings."
B,eda6f8d177dec8df26ad62e3784d103b4de74d7d,model/hpt_bc_flow_human.yaml,kept,model/hpt_bc_flow_human.yaml,resolved,d6973d6719cc52181e4fd6e84882b9954aab595f2998600e90a5ff1c0cbf3af0,c80459e3c35e62d3d290dca76eac08347693228e79ae74169de77ac108fb57ce,,"Keep distinct graph, initialization and representation; use declared model/data bindings."
B,eda6f8d177dec8df26ad62e3784d103b4de74d7d,model/hpt_bc_flow_mecka.yaml,kept,model/hpt_bc_flow_mecka.yaml,resolved,545226760fc3bffb7255ffc8bad346cdc7b3ae977820cf69c8f9a21676ae3d45,1f50793285a3cacb83f9d8d1b25014dbaf2a2aa5a5b8b38694f11e12dbbbc7c4,,"Keep distinct graph, initialization and representation; use declared model/data bindings."
B,eda6f8d177dec8df26ad62e3784d103b4de74d7d,model/hpt_bc_flow_scale.yaml,kept,model/hpt_bc_flow_scale.yaml,resolved,c5ea143e42991fe9a020b405d5c8b5f9510e644710557c5fc381abbddeb58414,0c9e686dc0e1582f3f402e2a8b39832f538ce04920a00d2ac99ae84636d74f11,,"Keep distinct graph, initialization and representation; use declared model/data bindings."
B,eda6f8d177dec8df26ad62e3784d103b4de74d7d,model/hpt_bc_keypoints_base.yaml,kept,model/hpt_bc_keypoints_base.yaml,resolved,f9bed7dc13a6c79568c78f66b9c52bef980a0dcd1e705252c4b3e67b42c8ef7a,2fb48117a5c65327a80c6b7097c77451f566cba75b8c5fb44da4c30909f1abb1,,"Keep distinct graph, initialization and representation; use declared model/data bindings."
B,eda6f8d177dec8df26ad62e3784d103b4de74d7d,model/hpt_bc_keypoints_wrist.yaml,kept,model/hpt_bc_keypoints_wrist.yaml,resolved,0d7d56a1d94951a02430b7566ec87054d3ab09c9eaab517ff02c878ce713c5f3,f8000749e1fb39f79b9e5a46b9941df6e21402036cdeeeb05542f9a1638ee1f1,,"Keep distinct graph, initialization and representation; use declared model/data bindings."
B,eda6f8d177dec8df26ad62e3784d103b4de74d7d,model/hpt_bc_pickplace_qwen_pertoken.yaml,kept,model/hpt_bc_pickplace_qwen_pertoken.yaml,resolved,5a6f886cbe41caecb2dcda23d303401caf5556d51841b068b70bd1f75db113a2,9f0906391ad4091b769cafadc242b24af6c496f9f15a0180b5b3f2b5d2e72263,,"Keep distinct graph, initialization and representation; use declared model/data bindings."
B,eda6f8d177dec8df26ad62e3784d103b4de74d7d,model/hpt_bc_pickplace_qwen_pooled.yaml,kept,model/hpt_bc_pickplace_qwen_pooled.yaml,resolved,940b7671a91b82ac00734e7e6f6b9684a1e331b9a55084d99466ddd4889fdf1a,5a5930a6ba94a9e316607b6ddd04308baac0a85b78c031d08bf6331b5ee6477c,,"Keep distinct graph, initialization and representation; use declared model/data bindings."
B,eda6f8d177dec8df26ad62e3784d103b4de74d7d,model/hpt_cotrain_enc_dec_base.yaml,kept,model/hpt_cotrain_enc_dec_base.yaml,resolved,1b8bf6efa0d2bc794a99b016ceeadfcfe98745ea78e0cacda94fae94b6f93a27,f6aa74603934c61a6e4291932fbb282a98b6993cb25e62098636e31878c6b9f8,,"Keep distinct graph, initialization and representation; use declared model/data bindings."
B,eda6f8d177dec8df26ad62e3784d103b4de74d7d,model/hpt_cotrain_flow_seperate_head.yaml,kept,model/hpt_cotrain_flow_seperate_head.yaml,resolved,4996c01e0956cdd968bd6b3ff63625165fd9b8a1731e905ea0b0a30d08b220b5,2c15e8b335ece31ad56715ef6726dde1d894e5d66f3fd15c6daeec34ecb99f54,,"Keep distinct graph, initialization and representation; use declared model/data bindings."
B,eda6f8d177dec8df26ad62e3784d103b4de74d7d,model/hpt_cotrain_flow_shared_head.yaml,kept,model/hpt_cotrain_flow_shared_head.yaml,resolved,af5a481e61c1432a622bccf815db87aaf6dfafb249006060645380cae19b1923,6e4776b824986bbae7761b3d0603e347d9445b34e03e2fd1770dbe52b0191508,,"Keep distinct graph, initialization and representation; use declared model/data bindings."
B,eda6f8d177dec8df26ad62e3784d103b4de74d7d,model/hpt_cotrain_mecka_flow_shared_head.yaml,kept,model/hpt_cotrain_mecka_flow_shared_head.yaml,resolved,659ea02fa233003233273f27139af1a4bce51a39ac5694a7aef1ecdf29896c9d,baf2ab9b9d44469f0ebc84bbcd5674346d37bd672c24c71562f3fb4a5b10517e,,"Keep distinct graph, initialization and representation; use declared model/data bindings."
B,eda6f8d177dec8df26ad62e3784d103b4de74d7d,model/hpt_cotrain_scale_flow_shared_head.yaml,aliased,model/hpt_cotrain_mecka_flow_shared_head.yaml,resolved,659ea02fa233003233273f27139af1a4bce51a39ac5694a7aef1ecdf29896c9d,baf2ab9b9d44469f0ebc84bbcd5674346d37bd672c24c71562f3fb4a5b10517e,,"Shared canonical definition; exact resolved equality for aliases, explicit size/width/pretraining overrides for variants."
B,eda6f8d177dec8df26ad62e3784d103b4de74d7d,model/pi0.5_base.yaml,kept,model/pi0.5_base.yaml,resolved,cda2554a2d6462ececc72e397d8b8271ba1f794baf06b6d457b1ad1d181e053d,0f3ad211e6d81291047421bb278dd0569ba98c910a972b37fc315f6a4f06e9bc,,"Keep distinct graph, initialization and representation; use declared model/data bindings."
B,eda6f8d177dec8df26ad62e3784d103b4de74d7d,model/pi0.5_bc_aria.yaml,kept,model/pi0.5_bc_aria.yaml,resolved,ebe1cef385981daa791eabc7d2ff55e80bceae445f4bb9fa029e40df50560943,3375766510cd563e4359c4ee77f700ae3a889773484f824076ccd38029b2eb5c,,"Keep distinct graph, initialization and representation; use declared model/data bindings."
B,eda6f8d177dec8df26ad62e3784d103b4de74d7d,model/pi0.5_bc_eva.yaml,kept,model/pi0.5_bc_eva.yaml,resolved,68fb675fd8a842591b56618240a58cb96dca390479d8ef8050171daa74f35dd6,cd8ee58fde19679e84e6303fa0368e7996f4d608ad3d029f8aff041b35c10928,,"Keep distinct graph, initialization and representation; use declared model/data bindings."
B,eda6f8d177dec8df26ad62e3784d103b4de74d7d,model/pi0.5_bc_mecka.yaml,kept,model/pi0.5_bc_mecka.yaml,resolved,e32bfd006160c17815eb346708819eef4d0c9b699265f50915caf91656810b55,62147928e30258dccd1f2296387988c8af3f5c3315a539b225a427c2801235c1,,"Keep distinct graph, initialization and representation; use declared model/data bindings."
B,eda6f8d177dec8df26ad62e3784d103b4de74d7d,model/pi0.5_bc_scale.yaml,aliased,model/pi0.5_bc_mecka.yaml,resolved,e32bfd006160c17815eb346708819eef4d0c9b699265f50915caf91656810b55,62147928e30258dccd1f2296387988c8af3f5c3315a539b225a427c2801235c1,,"Shared canonical definition; exact resolved equality for aliases, explicit size/width/pretraining overrides for variants."
B,eda6f8d177dec8df26ad62e3784d103b4de74d7d,model/pi0.5_cotrain_eva_aria.yaml,kept,model/pi0.5_cotrain_eva_aria.yaml,resolved,0062458ae725b4a0c3f3cdea162e7a35e97351a8237dffabfd563fe9d81417f4,207382d72bc7767439f89f7867263519c97f2dbb35d13a06cf88a66f2604d3a5,,"Keep distinct graph, initialization and representation; use declared model/data bindings."
B,eda6f8d177dec8df26ad62e3784d103b4de74d7d,model/pi0.5_cotrain_mecka_scale.yaml,aliased,model/pi0.5_bc_mecka.yaml,resolved,e32bfd006160c17815eb346708819eef4d0c9b699265f50915caf91656810b55,62147928e30258dccd1f2296387988c8af3f5c3315a539b225a427c2801235c1,,"Shared canonical definition; exact resolved equality for aliases, explicit size/width/pretraining overrides for variants."
B,eda6f8d177dec8df26ad62e3784d103b4de74d7d,model/pi05/pi0.5_bc_abc_eva_6d.yaml,kept,model/pi05/pi0.5_bc_abc_eva_6d.yaml,resolved,70b2af7ebd1c78d740911d9b561a5372707049ac4b20ff2bf0812418989b1625,0063bf23dd2cd99e3a25149aae0305c8b389425a626911b7a08c46e194710b84,,"Keep distinct graph, initialization and representation; use declared model/data bindings."
B,eda6f8d177dec8df26ad62e3784d103b4de74d7d,model/pi05/pi0.5_bc_eva.yaml,kept,model/pi05/pi0.5_bc_eva.yaml,resolved,199cbef36f9c0ab865af6fb8845734b4b0d6ebecd5124ddf32b06f91fc9d42a8,36c59420c5d1c2e621c37ee497ae6372a2ad8787cd798b75349e03cda21809c0,,"Keep distinct graph, initialization and representation; use declared model/data bindings."
B,eda6f8d177dec8df26ad62e3784d103b4de74d7d,model/pi05/pi0.5_bc_mecka_6d.yaml,kept,model/pi05/pi0.5_bc_mecka_6d.yaml,resolved,bca8b058a6472dd1429a4b44597d8dc79bef9c06cb7ab090c1bcbcb7071032dc,9853bc7a423f2812149545d19b7cb2af4d69201c9cd2a7d1ea8f0a36ee5cc95f,,"Keep distinct graph, initialization and representation; use declared model/data bindings."
B,eda6f8d177dec8df26ad62e3784d103b4de74d7d,model/pi05/pi0.5_bc_mecka_abc_6d.yaml,kept,model/pi05/pi0.5_bc_mecka_abc_6d.yaml,resolved,0cdaa34fcf82078cf9e58d542d6cc6c72d192e5835d2b4626479eeb0a734ce89,1aa01ce25451886e0d75ce3ed7fcc35c18f92ac8196561a5fd7e2bf90d404b7d,,"Keep distinct graph, initialization and representation; use declared model/data bindings."
B,eda6f8d177dec8df26ad62e3784d103b4de74d7d,model/pi05/pi0.5_cotrain_eva_aria_6d.yaml,kept,model/pi05/pi0.5_cotrain_eva_aria_6d.yaml,resolved,df6098e0bda9131add8bf33f414c55aa9f9cba7665d82753b28503dbc1386864,79e04621c66cd2370d9b58c7bc1ac797d44f9226824c80ebc9bf987d263ea1e6,,"Keep distinct graph, initialization and representation; use declared model/data bindings."
B,eda6f8d177dec8df26ad62e3784d103b4de74d7d,model/pi05/pi0.5_ft_abc_eva_6d.yaml,aliased,model/pi05/pi0.5_bc_abc_eva_6d.yaml,resolved,70b2af7ebd1c78d740911d9b561a5372707049ac4b20ff2bf0812418989b1625,0063bf23dd2cd99e3a25149aae0305c8b389425a626911b7a08c46e194710b84,,"Shared canonical definition; exact resolved equality for aliases, explicit size/width/pretraining overrides for variants."
B,eda6f8d177dec8df26ad62e3784d103b4de74d7d,model/pi05/pi0.5_ft_aria_fold_grip.yaml,kept,model/pi05/pi0.5_ft_aria_fold_grip.yaml,resolved,c4b0198653009859908cac91150e8c818ecc01ed419ae056b9d6335359793878,6a2c2c133af31411b72e2a76cc747f6272ce8ee75af03bd57354b603a77dd5bd,,"Keep distinct graph, initialization and representation; use declared model/data bindings."
C,bef887c4c46bae171711951849fbdbf1617ea534,model/abc/yam_bimanual_dp.yaml,kept,model/abc/yam_bimanual_dp.yaml,resolved,aca84f52faa6902952dea94d71ca60698ccfe9cfc2be55cca93a89e28751374c,c911f20351c9d67c5048db4d57f7f84dc30df80595ce9e183db5ad8b74a4cecf,experiment/abc/yam_fstshirt_dp.yaml;experiment/abc_arc/abc_fstshirt_bc.yaml,"Keep distinct graph, initialization and representation; use declared model/data bindings."
C,bef887c4c46bae171711951849fbdbf1617ea534,model/abc/yam_bimanual_hpt.yaml,kept,model/abc/yam_bimanual_hpt.yaml,resolved,3978c8bf78317cae3858f46f54963586ec7ae6e47aa8fa45f6f3ea0dd0ae7eb6,26213b106cfe0693f206d1a87a96f04b3698071057642a361512259ca41ee289,experiment/abc/yam_fstshirt_hpt.yaml,"Keep distinct graph, initialization and representation; use declared model/data bindings."
C,bef887c4c46bae171711951849fbdbf1617ea534,model/abc_arc/clock_head_abc_cotrain_300M_qwen_pooled_arc_D40_M100.yaml,migrated,model/abc_arc/clock_head_abc_cotrain_300M_qwen_pooled_arc_D40_M100.yaml,source_error,,754e02452cc219bae3b633ca67907777117bd5170b30d18156202285886786f5,,"C fragment lost its supplied experiment knobs; no source composition equivalence claimed. Use the retained B caller/contract, or saved original custom config. Declared source model is inventoried."
C,bef887c4c46bae171711951849fbdbf1617ea534,model/abc_arc/hpt_abc_cotrain_180M_qwen_pooled.yaml,migrated,model/abc_arc/hpt_abc_cotrain_300M_qwen_pooled.yaml,source_error,,2637058aaa2e9c816b0e9416450c39f9ab001d91f19f89288d0a6b24115890a8,,"C fragment lost its supplied experiment knobs; no source composition equivalence claimed. Use the retained B caller/contract, or saved original custom config. Declared source model is inventoried."
C,bef887c4c46bae171711951849fbdbf1617ea534,model/abc_arc/hpt_abc_cotrain_180M_qwen_pooled_arc_D40_M100.yaml,migrated,model/abc_arc/hpt_abc_cotrain_300M_qwen_pooled_arc_D40_M100.yaml,source_error,,6bdbcf411249912edef16b6a5242023993c965d7a7102260767a641a640b3f34,,"C fragment lost its supplied experiment knobs; no source composition equivalence claimed. Use the retained B caller/contract, or saved original custom config. Declared source model is inventoried."
C,bef887c4c46bae171711951849fbdbf1617ea534,model/abc_arc/hpt_abc_cotrain_300M_qwen_pooled.yaml,migrated,model/abc_arc/hpt_abc_cotrain_300M_qwen_pooled.yaml,source_error,,f6516643c59a92ede8860f548168f162e4d12e10e247f193a6460a02f651c40e,experiment/abc_arc/abc_lang_fstshirt_mecka_freefold_cotrain_baseline.yaml;experiment/abc_arc/abc_lang_mecka_fold_multitask_cotrain_baseline.yaml,"C fragment lost its supplied experiment knobs; no source composition equivalence claimed. Use the retained B caller/contract, or saved original custom config. Declared source model is inventoried."
C,bef887c4c46bae171711951849fbdbf1617ea534,model/abc_arc/hpt_abc_cotrain_300M_qwen_pooled_arc_D40_M100.yaml,migrated,model/abc_arc/hpt_abc_cotrain_300M_qwen_pooled_arc_D40_M100.yaml,source_error,,681b99da6e854427e7da120879232a53f6b2fe2966bbffb8d52c03f0b33dc5f5,experiment/abc_arc/abc_lang_fstshirt_mecka_freefold_cotrain_arcD40M100.yaml;experiment/abc_arc/abc_lang_mecka_fold_multitask_cotrain_arcD40M100.yaml,"C fragment lost its supplied experiment knobs; no source composition equivalence claimed. Use the retained B caller/contract, or saved original custom config. Declared source model is inventoried."
C,bef887c4c46bae171711951849fbdbf1617ea534,model/abc_arc/hpt_bimanual_visual.yaml,kept,model/abc_arc/hpt_bimanual_visual.yaml,resolved,2d809149de462b1a39345f90bfb679a70270fa6faa2bb5e948df36813e30729c,65d79785b01004f25ec571be3e9bf9471defb6c46295efe1a57458313059d23f,experiment/abc_arc/human_bc/mecka_fold_clothes_40h_human_visual_baseline_openloop.yaml;experiment/abc_arc/human_bc/mecka_fold_clothes_40h_human_visual_hybrid_openloop.yaml,"Canonical A pretrained ResNet+MLP, train-only jitter, per-arm R and explicit wide layout. C/direct-ResNet saved checkpoints require original config/runtime."
C,bef887c4c46bae171711951849fbdbf1617ea534,model/abc_arc/hpt_yam_visual.yaml,kept,model/abc_arc/hpt_yam_visual.yaml,resolved,92b14251b5a5e9c0b7e53cb13f9577bf41f780ccc653afb846fea64f1423c0e0,cdca1f25c143ca3de05cee45787870237b882d64dbc32363882f047e736e7a7c,experiment/abc_arc/robot_bc/abc_multitask4_hpt300_baseline_visual_openloop.yaml;experiment/abc_arc/robot_bc/abc_multitask4_hpt300_hybrid_visual_openloop.yaml;experiment/abc_arc/robot_bc/abc_towels_hpt180_baseline_param_matched_visual_openloop.yaml;experiment/abc_arc/robot_bc/abc_towels_hpt180_baseline_visual_openloop.yaml;experiment/abc_arc/robot_bc/abc_towels_hpt180_hybrid_visual_openloop.yaml;experiment/abc_arc/robot_bc/abc_visual_hpt300_base.yaml;experiment/abc_arc/robot_bc/stationery_rl2_hpt300_visual_baseline_openloop.yaml;experiment/abc_arc/robot_bc/stationery_rl2_hpt300_visual_hybrid_openloop.yaml,"Canonical A pretrained ResNet+MLP, train-only jitter, per-arm R and explicit wide layout. C/direct-ResNet saved checkpoints require original config/runtime."
C,bef887c4c46bae171711951849fbdbf1617ea534,model/abc_arc/mixture_hpt_abc_cotrain_300M_qwen_pooled_arc_D40_M100.yaml,migrated,model/abc_arc/mixture_hpt_abc_cotrain_300M_qwen_pooled_arc_D40_M100.yaml,source_error,,237f29b99afcef2c169f3162d48f363032d752d80e4182600de5b109ea1c6d14,,"C fragment lost its supplied experiment knobs; no source composition equivalence claimed. Use the retained B caller/contract, or saved original custom config. Declared source model is inventoried."
C,bef887c4c46bae171711951849fbdbf1617ea534,model/abc_arc/yam_bimanual_dp_arc_D40_M100.yaml,migrated,model/abc_arc/yam_bimanual_dp_arc_D40_M100.yaml,source_error,,770d72fe17361d7a897218fab451b22fffff75d9d241979cd9855cdf0e3a9465,experiment/abc_arc/abc_fstshirt_arc_bc.yaml,"C fragment lost its supplied experiment knobs; no source composition equivalence claimed. Use the retained B caller/contract, or saved original custom config. Declared source model is inventoried."
C,bef887c4c46bae171711951849fbdbf1617ea534,model/abc_arc/yam_mecka_cotrain_dp_300M_arc_D40_M100.yaml,migrated,model/abc_arc/yam_mecka_cotrain_dp_300M_arc_D40_M100.yaml,source_error,,c33fe936618637cef85ec4a81913fdeca4c49260b5e8a3f7a638c353c49050a6,experiment/abc_arc/abc_mecka_fold_multitask_cotrain_arcD40M100.yaml,"C fragment lost its supplied experiment knobs; no source composition equivalence claimed. Use the retained B caller/contract, or saved original custom config. Declared source model is inventoried."
C,bef887c4c46bae171711951849fbdbf1617ea534,model/abc_arc/yam_mecka_cotrain_dp_300M_baseline.yaml,kept,model/abc_arc/yam_mecka_cotrain_dp_300M_baseline.yaml,resolved,0e6c778086b5f39d1f3c1f110b60438a0e8c09edf910853b87265719324aaa8a,e6e7c674ad15a5f354f7d4dc283fc30ac023e5b5dc924b2eff1cf04c11347dbb,experiment/abc_arc/abc_mecka_fold_multitask_cotrain_baseline.yaml,"Keep distinct graph, initialization and representation; use declared model/data bindings."
C,bef887c4c46bae171711951849fbdbf1617ea534,model/abc_arc/yam_mecka_cotrain_dp_arc_D40_M100.yaml,migrated,model/abc_arc/yam_mecka_cotrain_dp_arc_D40_M100.yaml,source_error,,46ea2652197e07837136f46d242ee405eb77ded982c72b5558376c5b21bb38c8,experiment/abc_arc/abc_fstshirt_mecka_freefold_cotrain_arcD40M100.yaml,"C fragment lost its supplied experiment knobs; no source composition equivalence claimed. Use the retained B caller/contract, or saved original custom config. Declared source model is inventoried."
C,bef887c4c46bae171711951849fbdbf1617ea534,model/abc_arc/yam_mecka_cotrain_dp_baseline.yaml,kept,model/abc_arc/yam_mecka_cotrain_dp_baseline.yaml,resolved,8e0d63ec18c22714a243fa0b9988dbfce6829e528f17087e11d0795a506b76f5,e0c2b4537b4cdfbd36227d3aff3390a858bce0020e7d86bb178452110bf7d743,experiment/abc_arc/abc_fstshirt_mecka_freefold_cotrain_baseline.yaml,"Keep distinct graph, initialization and representation; use declared model/data bindings."
C,bef887c4c46bae171711951849fbdbf1617ea534,model/bf/bf_planar_v2_arc_graph_tok.yaml,kept,model/bf/bf_planar_v2_arc_graph_tok.yaml,resolved,5696fa8279b0de797a60f1b0b9914bedc8b1b312742aa32fc3b4fbad25f43bd7,206ad0770180a2010b422dc768ec20814e10c50376e6c26a25e8cacd1d6cb0a4,experiment/pusht/planar_v2_usocket_arc_graph_tok.yaml,"Keep distinct graph, initialization and representation; use declared model/data bindings."
C,bef887c4c46bae171711951849fbdbf1617ea534,model/bf/bf_planar_v2_dp_paper.yaml,kept,model/bf/bf_planar_v2_dp_paper.yaml,resolved,3da30853b12192b02a8351d2da5b0163e86bfa25780e0b21ac2e720f2c5480cd,9dde05fe2007253ad8246ffb54d3f2ee381a0d479d804ada3fe7684187fa8523,experiment/pusht/planar_v2_chain_dp_paper.yaml;experiment/pusht/planar_v2_usocket_arc_paper_curvature_D40_M16_R24deg.yaml;experiment/pusht/planar_v2_usocket_arc_paper_uniform_D40_M16_R24deg.yaml;experiment/pusht/planar_v2_usocket_dp_paper.yaml,"Keep distinct graph, initialization and representation; use declared model/data bindings."
C,bef887c4c46bae171711951849fbdbf1617ea534,model/bf/bf_planar_v2_dp_standard.yaml,kept,model/bf/bf_planar_v2_dp_standard.yaml,resolved,3a4b6e004aca971eb36013fc081458f826a8be6595eaf041fe87de70c3f32984,80575122241cbef17d4b88dcc03db929203ee1be0488c99d1c9218c3b4fa0e33,experiment/pusht/planar_v2_chain_dp_standard.yaml;experiment/pusht/planar_v2_cotrain_clean_dp_standard.yaml;experiment/pusht/planar_v2_usocket_dp_standard.yaml,"Keep distinct graph, initialization and representation; use declared model/data bindings."
C,bef887c4c46bae171711951849fbdbf1617ea534,model/bf/bf_planar_v2_flow.yaml,kept,model/bf/bf_planar_v2_flow.yaml,resolved,7b9460af44756bd0f7f15016d9782689cef71ca76d5361ca48d57bfda4bc189d,5b8cd87436b6e0ec10b8babba4da4508d023b79dc426ce7f1268e5ca1295c47d,experiment/pusht/planar_v2_chain_arc_bc.yaml;experiment/pusht/planar_v2_chain_direct_bc.yaml;experiment/pusht/planar_v2_usocket_arc_bc.yaml;experiment/pusht/planar_v2_usocket_arc_hybrid_D40_M16_R24deg_bc.yaml;experiment/pusht/planar_v2_usocket_direct_bc.yaml,"Keep distinct graph, initialization and representation; use declared model/data bindings."
C,bef887c4c46bae171711951849fbdbf1617ea534,model/bf/ct_unite_register_separate_nt8_h384_s42.yaml,kept,model/bf/ct_unite_register_separate_nt8_h384_s42.yaml,resolved,53cbff5814c99608f7743d958cbe29e94a69ab966ba36e76dc5125d447e4121a,a7edc5e44eb0c5327237774ae4662994c235a8cebc8e087b790a02ed97dd15b8,experiment/pusht/unite_cotrain_usocket_chain_val01_h16.yaml,"Keep distinct graph, initialization and representation; use declared model/data bindings."
C,bef887c4c46bae171711951849fbdbf1617ea534,model/bf/us_action_flow_bc_latent_fm_sg_200m_adamw.yaml,kept,model/bf/us_action_flow_bc_latent_fm_sg_200m_adamw.yaml,resolved,63bdc7c188714cb3036fb91b6e7bca2b9a7d9655b5f7e043d35d9c97e7a17243,463d5282811224cbe29f6b5eb299b69d73f62127997a5a6cd27d01bee91d6a4d,experiment/pusht/action_flow_bc_usocket_latent_fm_sg_recon1_200m_adamw_lr1e5_s42.yaml,"Keep distinct graph, initialization and representation; use declared model/data bindings."
C,bef887c4c46bae171711951849fbdbf1617ea534,model/bf/us_action_flow_bc_latent_fm_sg_200m_muon.yaml,kept,model/bf/us_action_flow_bc_latent_fm_sg_200m_muon.yaml,resolved,8ea3202d1720bd5356aa36a0cfa271bdaa6f8a10fd165c9929f01d8244ff2b62,1ecc9b14d8973091d7e2d1ebfb9d8e21b4c344bcdf954c5f4a26251bcfd5055a,experiment/pusht/action_flow_bc_usocket_latent_fm_sg_recon1_200m_muon_lr1e5_s42.yaml,"Keep distinct graph, initialization and representation; use declared model/data bindings."
C,bef887c4c46bae171711951849fbdbf1617ea534,model/bf/us_action_flow_latent_fm_sg_unite_h384.yaml,kept,model/bf/us_action_flow_latent_fm_sg_unite_h384.yaml,resolved,fa2384a86c7a92fa61d7ac2c53f80c89d43877f7f5929aee0a1568920fa0c8b6,81464b213936fd942c773a7d848f9f5fcac6d81f55c393deb8be1d5e44380af1,experiment/pusht/action_flow_chain_latent_fm_sg_unite_h384_sum14_cfg4_val8_s42.yaml;experiment/pusht/action_flow_usocket_candidate_common.yaml;experiment/pusht/action_flow_usocket_latent_fm_sg_unite_denoiser90m_sum14_cfg4_finalval1_s42.yaml;experiment/pusht/action_flow_usocket_latent_fm_sg_unite_h384_s42.yaml;experiment/pusht/action_flow_usocket_latent_fm_sg_unite_h384_sum14_cfg4_val8_s42.yaml;experiment/pusht/action_flow_usocket_latent_fm_sg_unite_h384_sum14_cfg4_val8_scale1_s42.yaml,"Keep distinct graph, initialization and representation; use declared model/data bindings."
C,bef887c4c46bae171711951849fbdbf1617ea534,model/bf/us_action_latent_vfm_nt16_d8_h512_s42.yaml,kept,model/bf/us_action_latent_vfm_nt16_d8_h512_s42.yaml,resolved,cad935b7df091313460ff05bd6cd4c85a5dcffa5871d041fade7e97f16bc91bf,42f415d6db34b9fe17810aba71520749c7a50783de6c0a4a068d7a7c8195f2d8,experiment/pusht/action_latent_vfm_usocket_val01_h16.yaml,"Keep distinct graph, initialization and representation; use declared model/data bindings."
C,bef887c4c46bae171711951849fbdbf1617ea534,model/bf/us_unite_register_separate_nt4_s42.yaml,kept,model/bf/us_unite_register_separate_nt4_s42.yaml,resolved,d18639ce5636a04a1c70f35b407f17dd2eb1fafb6c07653262c0d87016884680,81208da28f7b4621b0a6e8d7badeb20a3bfd6240e404a2bc2c2623e7222c2659,,"Keep distinct graph, initialization and representation; use declared model/data bindings."
C,bef887c4c46bae171711951849fbdbf1617ea534,model/bf/us_unite_register_separate_nt8_s42.yaml,kept,model/bf/us_unite_register_separate_nt8_s42.yaml,resolved,cf3694be90fa5d8fb74a5e2fd34023329f41bd0a2add7ac5072f7e5b104b5850,1e378f97e30ccfce19ea4f87434b00110e88a0fdc45160224d0757a83d39944c,,"Keep distinct graph, initialization and representation; use declared model/data bindings."
C,bef887c4c46bae171711951849fbdbf1617ea534,model/bf/us_unite_register_shared_nt16_s42.yaml,kept,model/bf/us_unite_register_shared_nt16_s42.yaml,resolved,37552200046810ebfaa36ab483c2639192897405b04f108159a8e1cd1d7ee2fc,373b7ba0e70d573bf869cb601534ce9b25d866ecd02f0280635b71cfe4ed5b9d,,"Keep distinct graph, initialization and representation; use declared model/data bindings."
C,bef887c4c46bae171711951849fbdbf1617ea534,model/bf/us_unite_register_shared_nt4_s42.yaml,kept,model/bf/us_unite_register_shared_nt4_s42.yaml,resolved,91a88275147e74bc7aef53ac01b507b00e155a625acf7ee45f40865dbeb715e9,ae0246d98d60410c835c25da698b89e2d0f526b6fd61eea4ac843b312b4174bc,experiment/pusht/unite_usocket_register_sweep_val01_h16.yaml,"Keep distinct graph, initialization and representation; use declared model/data bindings."
C,bef887c4c46bae171711951849fbdbf1617ea534,model/bf/us_unite_register_shared_nt8_flow42_s42.yaml,kept,model/bf/us_unite_register_shared_nt8_flow42_s42.yaml,resolved,6be5bf5b0545eefea032ab42220452099a16313403493c2154406d5ad8329672,915fc0eed62d008fc05730049d3b96947340eae46260f463eacaf327b9c0af67,,"Keep distinct graph, initialization and representation; use declared model/data bindings."
C,bef887c4c46bae171711951849fbdbf1617ea534,model/bf/us_unite_register_shared_nt8_s42.yaml,kept,model/bf/us_unite_register_shared_nt8_s42.yaml,resolved,6e4d89ded391aa465b0cbf4f50b5096183dab59bd2248e0efb991d39986f1794,91779af7e1c0b14801565ea8c03584378e9c5a65a57194f72d38a2a14e724070,,"Keep distinct graph, initialization and representation; use declared model/data bindings."
C,bef887c4c46bae171711951849fbdbf1617ea534,model/e1/dp300_wrists_arcdur.yaml,kept,model/e1/dp300_wrists_arcdur.yaml,resolved,f168d73b4c4409f55901ae5c2b84291c60a066cf652d2ad0fa515a77112c67de,8bd7e8a325797a9b06b98d9f8f29a9642dbf22c832a696d963a7051d9c75a32a,experiment/yam_arc_grid/scratch_rl2_towels394_arcdur_dp300_lambda.yaml,"Keep distinct graph, initialization and representation; use declared model/data bindings."
C,bef887c4c46bae171711951849fbdbf1617ea534,model/e1/dp300pt_wrists_arcdur.yaml,merged,model/e1/dp300_wrists_arcdur.yaml,resolved,f56cac21c0728b8b72e3a0b81dcbcf5844a340d3aefcd410199f5922daf695e7,c85d3e7586f2e38eafae5b8d389c9993253bd541660746926233d588fdb15906,experiment/yam_arc_grid/scratch_rl2_towels394_arcdur_dp300pt_lambda.yaml,"Shared canonical definition; exact resolved equality for aliases, explicit size/width/pretraining overrides for variants."
C,bef887c4c46bae171711951849fbdbf1617ea534,model/e1/hpt300_flow_wrists_arcdur.yaml,merged,model/e1/hpt_flow_wrists_ft.yaml,resolved,53609450b62db1c749081cdff9b0ac5a4e781d8ef77689e01117eac520221cdf,5e712d2769fa76a599de77f38d4966e3ee2c5efe24cdef3b2c61e0e32bc70e02,experiment/yam_arc_grid/scratch_rl2_towels394_arcdur_hpt300_lambda.yaml,"Shared canonical definition; exact resolved equality for aliases, explicit size/width/pretraining overrides for variants."
C,bef887c4c46bae171711951849fbdbf1617ea534,model/e1/hpt_flow.yaml,kept,model/e1/hpt_flow.yaml,resolved,0d2deaf3d41b30732b7268b1830983328ac1b81e68e8668320c0e15fbf66eda7,2dc887c2171601a18300a84a8a7f66d9f9753eaaae9746460317daa12a34216c,experiment/e1/abc_arcdur.yaml;experiment/e1/abc_arclogdur.yaml;experiment/e1/abc_arclogdur_D75.yaml;experiment/e1/abc_arclogdur_fs.yaml;experiment/e1/abc_arcmean.yaml;experiment/e1/abc_arcmean_D75.yaml;experiment/e1/abc_arcmean_fs.yaml;experiment/e1/abc_arcvel.yaml;experiment/e1/abc_time.yaml;experiment/e1/abcst_arclogdur.yaml;experiment/e1/abcst_arclogdur_fs.yaml;experiment/e1/abcst_arcmean.yaml;experiment/e1/abcst_arcmean_fs.yaml;experiment/e1/abcst_time.yaml;experiment/e1/fold_arcdur.yaml;experiment/e1/fold_arclogdur.yaml;experiment/e1/fold_arclogdur_ps.yaml;experiment/e1/fold_arcmean.yaml;experiment/e1/fold_arcmean_D75.yaml;experiment/e1/fold_arcvel.yaml;experiment/e1/fold_time.yaml,"Keep distinct graph, initialization and representation; use declared model/data bindings."
C,bef887c4c46bae171711951849fbdbf1617ea534,model/e1/hpt_flow_wrists.yaml,kept,model/e1/hpt_flow_wrists.yaml,resolved,ae44ef5aeea795f2b77b4b9535441d45e22bd92eee995016506b4b97d29b7aab,57868ee798fcb03d866f735d6e6f61b71f550b203f5f49c14944ffba073c8f58,experiment/abc_arc/abc_stationery_arc_bc.yaml;experiment/abc_arc/abc_stationery_bc.yaml;experiment/abc_arc/shorts_extreme_arc_bc.yaml;experiment/abc_arc/shorts_extreme_arcdur.yaml;experiment/abc_arc/shorts_extreme_bc.yaml;experiment/e1/abcs_arclogdur.yaml;experiment/e1/abcs_arcmean.yaml;experiment/e1/abcs_time.yaml;experiment/yam_arc_grid/stationery_midtempo_arcdur.yaml;experiment/yam_arc_grid/stationery_midtempo_time.yaml,"Keep distinct graph, initialization and representation; use declared model/data bindings."
C,bef887c4c46bae171711951849fbdbf1617ea534,model/e1/hpt_flow_wrists_ft.yaml,kept,model/e1/hpt_flow_wrists_ft.yaml,resolved,3aeb0166bb6deabea0d04f095fd753df5f7a90df85509cca6e96cc81f2128979,9a1d357e666328e495eed6312173be8336397d30af60bcdd0512430dfa397df0,experiment/yam_arc_grid/base_abc_towels_time.yaml;experiment/yam_arc_grid/mix4060_towels394_time_lambda.yaml;experiment/yam_arc_grid/norm_mix4060_towels394_time_lambda.yaml;experiment/yam_arc_grid/scratch_mix5050_stationery_time.yaml;experiment/yam_arc_grid/scratch_mix5050_towels_time.yaml;experiment/yam_arc_grid/scratch_mix_stationery_time.yaml;experiment/yam_arc_grid/scratch_mix_towels_time.yaml;experiment/yam_arc_grid/scratch_rl2_stationery_time.yaml;experiment/yam_arc_grid/scratch_rl2_stattempo_all_time.yaml;experiment/yam_arc_grid/scratch_rl2_stattempo_fast_time.yaml;experiment/yam_arc_grid/scratch_rl2_stattempo_fast_time_lambda.yaml;experiment/yam_arc_grid/scratch_rl2_stattempo_medium_time.yaml;experiment/yam_arc_grid/scratch_rl2_stattempo_medium_time_lambda.yaml;experiment/yam_arc_grid/scratch_rl2_stattempo_mixed_time.yaml;experiment/yam_arc_grid/scratch_rl2_stattempo_mixed_time_lambda.yaml;experiment/yam_arc_grid/scratch_rl2_stattempo_slow_time.yaml;experiment/yam_arc_grid/scratch_rl2_stattempo_slow_time_lambda.yaml;experiment/yam_arc_grid/scratch_rl2_stattempo_slowpace_time.yaml;experiment/yam_arc_grid/scratch_rl2_towels298_time.yaml;experiment/yam_arc_grid/scratch_rl2_towels394_time.yaml;experiment/yam_arc_grid/scratch_rl2_towels394_time_lambda.yaml;experiment/yam_arc_grid/scratch_rl2_towels_time.yaml;experiment/yam_arc_grid/stationery_ft_time.yaml;experiment/yam_arc_grid/stattempo_eval_time.yaml;experiment/yam_arc_grid/timepre_abc_time.yaml,"Keep distinct graph, initialization and representation; use declared model/data bindings."
C,bef887c4c46bae171711951849fbdbf1617ea534,model/e1/hpt_flow_wrists_ft_arcdur.yaml,merged,model/e1/hpt_flow_wrists_ft.yaml,resolved,572da4fab60d967943cfcb26ba7041b1f7607317729cb75fb27fbf0ba5ab1f96,eb7ca54d1e66da19cf09cb38512a1d43d0edcacb286ce663583911c426ddc7cd,experiment/yam_arc_grid/arcpre_abc_arcdur.yaml;experiment/yam_arc_grid/arcpre_abcrl2_arcdur.yaml;experiment/yam_arc_grid/base_abc_towels_arcdur.yaml;experiment/yam_arc_grid/mix4060_towels394_arcdur_lambda.yaml;experiment/yam_arc_grid/mix4060_towels394_arcvel_lambda.yaml;experiment/yam_arc_grid/norm_mix4060_towels394_arcdur_lambda.yaml;experiment/yam_arc_grid/norm_mix4060_towels394_arcvel_lambda.yaml;experiment/yam_arc_grid/scratch_mix5050_stationery_arcdur.yaml;experiment/yam_arc_grid/scratch_mix5050_stationery_arcvel.yaml;experiment/yam_arc_grid/scratch_mix5050_towels_arcdur.yaml;experiment/yam_arc_grid/scratch_mix5050_towels_arcvel.yaml;experiment/yam_arc_grid/scratch_mix_stationery_arcvel.yaml;experiment/yam_arc_grid/scratch_mix_towels_arcvel.yaml;experiment/yam_arc_grid/scratch_rl2_stationery_arcdur.yaml;experiment/yam_arc_grid/scratch_rl2_stattempo_all_arcdur.yaml;experiment/yam_arc_grid/scratch_rl2_stattempo_fast_arcdur.yaml;experiment/yam_arc_grid/scratch_rl2_stattempo_fast_arcdur_lambda.yaml;experiment/yam_arc_grid/scratch_rl2_stattempo_medium_arcdur.yaml;experiment/yam_arc_grid/scratch_rl2_stattempo_medium_arcdur_lambda.yaml;experiment/yam_arc_grid/scratch_rl2_stattempo_mixed_arcdur.yaml;experiment/yam_arc_grid/scratch_rl2_stattempo_mixed_arcdur_lambda.yaml;experiment/yam_arc_grid/scratch_rl2_stattempo_slow_arcdur.yaml;experiment/yam_arc_grid/scratch_rl2_stattempo_slow_arcdur_lambda.yaml;experiment/yam_arc_grid/scratch_rl2_stattempo_slowpace_arcdur.yaml;experiment/yam_arc_grid/scratch_rl2_towels298_arcdur.yaml;experiment/yam_arc_grid/scratch_rl2_towels298_arcvel.yaml;experiment/yam_arc_grid/scratch_rl2_towels394_arcdur.yaml;experiment/yam_arc_grid/scratch_rl2_towels394_arcdur_lambda.yaml;experiment/yam_arc_grid/scratch_rl2_towels394_arcdur_w400_lambda.yaml;experiment/yam_arc_grid/scratch_rl2_towels394_arcvel.yaml;experiment/yam_arc_grid/scratch_rl2_towels394_arcvel_lambda.yaml;experiment/yam_arc_grid/scratch_rl2_towels_arcdur.yaml;experiment/yam_arc_grid/stationery_ft_arcdur.yaml;experiment/yam_arc_grid/stattempo_eval_arcdur.yaml,"Shared canonical definition; exact resolved equality for aliases, explicit size/width/pretraining overrides for variants."
C,bef887c4c46bae171711951849fbdbf1617ea534,model/pi05/pi0.5_bc_abc_eva_6d.yaml,kept,model/pi05/pi0.5_bc_abc_eva_6d.yaml,resolved,00515eb094693884c69a7543770caef1775c6d6f2d4ac4b54f02da9e757624d3,0063bf23dd2cd99e3a25149aae0305c8b389425a626911b7a08c46e194710b84,,"Keep distinct graph, initialization and representation; use declared model/data bindings."
C,bef887c4c46bae171711951849fbdbf1617ea534,model/pi05/pi0.5_bc_eva.yaml,kept,model/pi05/pi0.5_bc_eva.yaml,resolved,ad7997aff3e55e4588339dabd55d618f569b2f47f8af301732a153e6606c4066,36c59420c5d1c2e621c37ee497ae6372a2ad8787cd798b75349e03cda21809c0,,"Keep distinct graph, initialization and representation; use declared model/data bindings."
C,bef887c4c46bae171711951849fbdbf1617ea534,model/pi05/pi0.5_bc_mecka_6d.yaml,kept,model/pi05/pi0.5_bc_mecka_6d.yaml,resolved,f20f9dd1568f31a94d2661ad1e31b5241e904ae6a5973c94ae86ddfa659b71b7,9853bc7a423f2812149545d19b7cb2af4d69201c9cd2a7d1ea8f0a36ee5cc95f,,"Keep distinct graph, initialization and representation; use declared model/data bindings."
C,bef887c4c46bae171711951849fbdbf1617ea534,model/pi05/pi0.5_bc_mecka_abc_6d.yaml,kept,model/pi05/pi0.5_bc_mecka_abc_6d.yaml,resolved,e3062cf193f840e16da2447114571d6d2e6857f48353b37d49a15cb15f59b916,1aa01ce25451886e0d75ce3ed7fcc35c18f92ac8196561a5fd7e2bf90d404b7d,,"Keep distinct graph, initialization and representation; use declared model/data bindings."
C,bef887c4c46bae171711951849fbdbf1617ea534,model/pi05/pi0.5_cotrain_eva_aria_6d.yaml,kept,model/pi05/pi0.5_cotrain_eva_aria_6d.yaml,resolved,8ae8e336f3f492f59cad33ea5f007c64db27e63330e2b44d74c57bca32e7f613,79e04621c66cd2370d9b58c7bc1ac797d44f9226824c80ebc9bf987d263ea1e6,,"Keep distinct graph, initialization and representation; use declared model/data bindings."
C,bef887c4c46bae171711951849fbdbf1617ea534,model/pi05/pi0.5_ft_abc_eva_6d.yaml,aliased,model/pi05/pi0.5_bc_abc_eva_6d.yaml,resolved,00515eb094693884c69a7543770caef1775c6d6f2d4ac4b54f02da9e757624d3,0063bf23dd2cd99e3a25149aae0305c8b389425a626911b7a08c46e194710b84,,"Shared canonical definition; exact resolved equality for aliases, explicit size/width/pretraining overrides for variants."
C,bef887c4c46bae171711951849fbdbf1617ea534,model/pi05/pi0.5_ft_aria_fold_grip.yaml,kept,model/pi05/pi0.5_ft_aria_fold_grip.yaml,resolved,8ae2aad79b2a59a81d39750b41b417b3f1787a426a2033a8f420f6521e24fbba,6a2c2c133af31411b72e2a76cc747f6272ce8ee75af03bd57354b603a77dd5bd,,"Keep distinct graph, initialization and representation; use declared model/data bindings."
