Method,suite,success_rate_percent,complete,episodes,run_id,paired_validation_passed,unresolved_object_anomaly
Native OAT,libero_spatial,61.68,True,2500,arc-oat-eval-p01-20260923-spatial,,False
Native OAT,libero_object,0.36,True,2500,arc-oat-eval-20260923-object,,True
Native OAT,libero_goal,75.52,True,2500,arc-oat-eval-20260923-goal,,False
Native OAT,libero_10,59.44,True,2500,arc-oat-eval-gated2-20260924-10,,False
Native FAST,libero_spatial,,False,0,fast-libero-r2-20260928-spatial-eval,,False
Native FAST,libero_object,,False,0,fast-libero-r2-20260928-object-eval,,False
Native FAST,libero_goal,,False,641,fast-eval-r1-20260928-goal,,False
Native FAST,libero_10,,False,0,fast-libero-r2-20260928-10-eval,,False
Plain DP / U-Net,libero_spatial,61.44,True,2500,dp-eval-r4-20260926-unet-spatial,True,False
Plain DP / U-Net,libero_object,52.88,True,2500,dp-eval-r4-20260926-unet-object,True,False
Plain DP / U-Net,libero_goal,85.68,True,2500,dp-eval-r3-20260926-unet-goal,True,False
Plain DP / U-Net,libero_10,50.72,True,2500,dp-eval-r4-20260926-unet-10,True,False
ARC / U-Net / STK1,libero_spatial,67.32,True,2500,arc-paired-s03-20260925-stk1-spatial,True,False
ARC / U-Net / STK1,libero_object,52.8,True,2500,arc-cache-arc-20260923-stk1-object,True,False
ARC / U-Net / STK1,libero_goal,82.2,True,2500,arc-cache-arc-20260923-stk1-goal,True,False
ARC / U-Net / STK1,libero_10,51.88,True,2500,arc-eval-l40s-20260924-stk1-10,True,False
ARC / U-Net / STK2,libero_spatial,68.36,True,2500,arc-paired-s03-20260925-stk2-spatial,True,False
ARC / U-Net / STK2,libero_object,52.36,True,2500,arc-cache-arc-20260923-stk2-object,True,False
ARC / U-Net / STK2,libero_goal,84.64,True,2500,arc-cache-arc-20260923-stk2-goal,True,False
ARC / U-Net / STK2,libero_10,52.96,True,2500,arc-paired-s03-20260925-stk2-10,True,False
ARC / U-Net / DUR1,libero_spatial,66.32,True,2500,arc-paired-s03-20260925-dur1-spatial,True,False
ARC / U-Net / DUR1,libero_object,53.64,True,2500,arc-cache-arc-20260923-dur1-object,True,False
ARC / U-Net / DUR1,libero_goal,89.56,True,2500,arc-cache-arc-20260923-dur1-goal,True,False
ARC / U-Net / DUR1,libero_10,55.16,True,2500,arc-paired-s03-20260925-dur1-10,True,False
ARC / U-Net / DUR2,libero_spatial,68.32,True,2500,arc-paired-s03-20260925-dur2-spatial,True,False
ARC / U-Net / DUR2,libero_object,63.72,True,2500,arc-cache-arc-20260923-dur2-object,True,False
ARC / U-Net / DUR2,libero_goal,87.28,True,2500,arc-cache-arc-20260923-dur2-goal,True,False
ARC / U-Net / DUR2,libero_10,55.44,True,2500,arc-paired-s03-20260925-dur2-10,True,False
ARC / U-Net / shared STK,libero_spatial,66.36,True,2500,arc-paired-s03-20260925-shared-stk-spatial,True,False
ARC / U-Net / shared STK,libero_object,58.88,True,2500,arc-cache-arc-20260923-shared-stk-object,True,False
ARC / U-Net / shared STK,libero_goal,84.84,True,2500,arc-cache-arc-20260923-shared-stk-goal,True,False
ARC / U-Net / shared STK,libero_10,57.16,True,2500,arc-paired-s03-20260925-shared-stk-10,True,False
ARC / U-Net / shared DUR,libero_spatial,68.08,True,2500,arc-paired-s03-20260925-shared-dur-spatial,True,False
ARC / U-Net / shared DUR,libero_object,59.64,True,2500,arc-cache-arc-20260923-shared-dur-object,True,False
ARC / U-Net / shared DUR,libero_goal,88.96,True,2500,arc-cache-arc-20260923-shared-dur-goal,True,False
ARC / U-Net / shared DUR,libero_10,53.52,True,2500,arc-paired-s03-20260925-shared-dur-10,True,False
Plain DP / OAT-DP,libero_spatial,64.52,True,2500,dp-eval-r4-20260926-oat-spatial,True,False
Plain DP / OAT-DP,libero_object,0.0,True,2500,dp-eval-r4-20260926-oat-object,True,True
Plain DP / OAT-DP,libero_goal,83.12,True,2500,dp-eval-r4-20260926-oat-goal,True,False
Plain DP / OAT-DP,libero_10,60.52,True,2500,dp-eval-r4-20260926-oat-10,True,False
ARC / OAT-DP / STK1,libero_spatial,76.16,True,2500,arc-dpr-20260925-stk1-spatial,True,False
ARC / OAT-DP / STK1,libero_object,,False,2439,arc-eval-r2-20260928-stk1-object,,False
ARC / OAT-DP / STK1,libero_goal,87.0,True,2500,arc-dp-20260924-stk1-goal,True,False
ARC / OAT-DP / STK1,libero_10,67.88,True,2500,arc-dp-l40s-20260924-stk1-10,True,False
ARC / OAT-DP / STK2,libero_spatial,76.16,True,2500,arc-dpr-20260925-stk2-spatial,True,False
ARC / OAT-DP / STK2,libero_object,0.0,True,2500,arc-dpr-20260925-stk2-object,True,True
ARC / OAT-DP / STK2,libero_goal,81.32,True,2500,arc-dp-20260924-stk2-goal,True,False
ARC / OAT-DP / STK2,libero_10,70.12,True,2500,arc-dp-l40s-20260924-stk2-10,True,False
ARC / OAT-DP / DUR1,libero_spatial,73.76,True,2500,arc-dp-20260924-dur1-spatial,True,False
ARC / OAT-DP / DUR1,libero_object,0.0,True,2500,arc-dpr3-20260926-dur1-object,True,True
ARC / OAT-DP / DUR1,libero_goal,82.68,True,2500,arc-dpr3-20260926-dur1-goal,True,False
ARC / OAT-DP / DUR1,libero_10,68.76,True,2500,arc-dp-l40s-20260924-dur1-10,True,False
ARC / OAT-DP / DUR2,libero_spatial,75.84,True,2500,arc-dpr3-20260926-dur2-spatial,True,False
ARC / OAT-DP / DUR2,libero_object,0.0,True,2500,arc-dpr3-20260926-dur2-object,True,True
ARC / OAT-DP / DUR2,libero_goal,83.48,True,2500,arc-dpr-20260925-dur2-goal,True,False
ARC / OAT-DP / DUR2,libero_10,71.68,True,2500,arc-dpr-20260925-dur2-10,True,False
ARC / OAT-DP / shared STK,libero_spatial,74.88,True,2500,arc-dpr3-20260926-shared-stk-spatial,True,False
ARC / OAT-DP / shared STK,libero_object,,False,2129,arc-eval-r2-20260928-shared-stk-object,,False
ARC / OAT-DP / shared STK,libero_goal,85.0,True,2500,arc-dpr3-20260926-shared-stk-goal,True,False
ARC / OAT-DP / shared STK,libero_10,67.64,True,2500,arc-eval-r1-20260926-shared-stk-10,True,False
ARC / OAT-DP / shared DUR,libero_spatial,74.76,True,2500,arc-dpr3-20260926-shared-dur-spatial,True,False
ARC / OAT-DP / shared DUR,libero_object,,False,1965,arc-eval-r2-20260928-shared-dur-object,,False
ARC / OAT-DP / shared DUR,libero_goal,83.28,True,2500,arc-dpr3-20260926-shared-dur-goal,True,False
ARC / OAT-DP / shared DUR,libero_10,68.56,True,2500,arc-eval-paired-20260927-shared-dur-10,True,False
