method,suite,fully_evaluated_tasks,episodes,successes,success_rate_percent,partial_suite
Native FAST,libero_goal,5,1250,20,1.60,True
ARC / U-Net / STK1,libero_goal,5,1250,1090,87.20,True
ARC / U-Net / STK2,libero_goal,5,1250,1101,88.08,True
ARC / U-Net / DUR1,libero_goal,5,1250,1145,91.60,True
ARC / U-Net / DUR2,libero_goal,5,1250,1141,91.28,True
ARC / U-Net / shared STK,libero_goal,5,1250,1093,87.44,True
ARC / U-Net / shared DUR,libero_goal,5,1250,1146,91.68,True
ARC / OAT-DP / STK1,libero_goal,5,1250,1116,89.28,True
ARC / OAT-DP / STK2,libero_goal,5,1250,1069,85.52,True
ARC / OAT-DP / DUR1,libero_goal,5,1250,1039,83.12,True
ARC / OAT-DP / DUR2,libero_goal,5,1250,1060,84.80,True
ARC / OAT-DP / shared STK,libero_goal,5,1250,1092,87.36,True
ARC / OAT-DP / shared DUR,libero_goal,5,1250,1072,85.76,True
Native OAT,libero_goal,5,1250,954,76.32,True
Plain DP / U-Net,libero_goal,5,1250,1079,86.32,True
Plain DP / OAT-DP,libero_goal,5,1250,1046,83.68,True
