task,variant,episodes,success_rate_percent
pick_up_the_black_bowl_between_the_plate_and_the_ramekin_and_place_it_on_the_plate,mot_xyz_rot_gripper,250,62.00
pick_up_the_black_bowl_between_the_plate_and_the_ramekin_and_place_it_on_the_plate,mot_shape_velocity,250,64.00
pick_up_the_black_bowl_between_the_plate_and_the_ramekin_and_place_it_on_the_plate,mot_shape_velocity_masked,250,78.80
pick_up_the_black_bowl_from_table_center_and_place_it_on_the_plate,mot_xyz_rot_gripper,250,84.40
pick_up_the_black_bowl_from_table_center_and_place_it_on_the_plate,mot_shape_velocity,250,72.40
pick_up_the_black_bowl_from_table_center_and_place_it_on_the_plate,mot_shape_velocity_masked,250,91.60
pick_up_the_black_bowl_in_the_top_drawer_of_the_wooden_cabinet_and_place_it_on_the_plate,mot_xyz_rot_gripper,250,85.20
pick_up_the_black_bowl_in_the_top_drawer_of_the_wooden_cabinet_and_place_it_on_the_plate,mot_shape_velocity,250,84.00
pick_up_the_black_bowl_in_the_top_drawer_of_the_wooden_cabinet_and_place_it_on_the_plate,mot_shape_velocity_masked,250,88.00
pick_up_the_black_bowl_next_to_the_cookie_box_and_place_it_on_the_plate,mot_xyz_rot_gripper,250,79.20
pick_up_the_black_bowl_next_to_the_cookie_box_and_place_it_on_the_plate,mot_shape_velocity,250,62.80
pick_up_the_black_bowl_next_to_the_cookie_box_and_place_it_on_the_plate,mot_shape_velocity_masked,250,86.00
pick_up_the_black_bowl_next_to_the_plate_and_place_it_on_the_plate,mot_xyz_rot_gripper,250,48.80
pick_up_the_black_bowl_next_to_the_plate_and_place_it_on_the_plate,mot_shape_velocity,250,44.80
pick_up_the_black_bowl_next_to_the_plate_and_place_it_on_the_plate,mot_shape_velocity_masked,250,68.00
pick_up_the_black_bowl_next_to_the_ramekin_and_place_it_on_the_plate,mot_xyz_rot_gripper,250,68.00
pick_up_the_black_bowl_next_to_the_ramekin_and_place_it_on_the_plate,mot_shape_velocity,250,64.80
pick_up_the_black_bowl_next_to_the_ramekin_and_place_it_on_the_plate,mot_shape_velocity_masked,250,87.20
pick_up_the_black_bowl_on_the_cookie_box_and_place_it_on_the_plate,mot_xyz_rot_gripper,250,64.80
pick_up_the_black_bowl_on_the_cookie_box_and_place_it_on_the_plate,mot_shape_velocity,250,64.80
pick_up_the_black_bowl_on_the_cookie_box_and_place_it_on_the_plate,mot_shape_velocity_masked,250,58.40
pick_up_the_black_bowl_on_the_ramekin_and_place_it_on_the_plate,mot_xyz_rot_gripper,250,9.60
pick_up_the_black_bowl_on_the_ramekin_and_place_it_on_the_plate,mot_shape_velocity,250,14.00
pick_up_the_black_bowl_on_the_ramekin_and_place_it_on_the_plate,mot_shape_velocity_masked,250,13.20
pick_up_the_black_bowl_on_the_stove_and_place_it_on_the_plate,mot_xyz_rot_gripper,250,88.00
pick_up_the_black_bowl_on_the_stove_and_place_it_on_the_plate,mot_shape_velocity,250,91.20
pick_up_the_black_bowl_on_the_stove_and_place_it_on_the_plate,mot_shape_velocity_masked,250,81.20
pick_up_the_black_bowl_on_the_wooden_cabinet_and_place_it_on_the_plate,mot_xyz_rot_gripper,250,56.00
pick_up_the_black_bowl_on_the_wooden_cabinet_and_place_it_on_the_plate,mot_shape_velocity,250,41.60
pick_up_the_black_bowl_on_the_wooden_cabinet_and_place_it_on_the_plate,mot_shape_velocity_masked,250,72.40
