suite,variant,mode,training_run_id,evaluation_run_id,training_artifact_state,training_scheduler_state,evaluation_artifact_state,evaluation_scheduler_state,score_is_final,episodes,planned_episodes,successes,success_rate_percent,tasks_seen,observed_at_utc
libero_spatial,reference,stk,arc-str-20261002r2-spatial-reference-stk,arc-se-20261003-spatial-reference-stk-eval,TRAINING_COMPLETE,HISTORICAL,POLICY_EVALUATION_COMPLETE,HISTORICAL,True,2500,2500,1716,68.64,10,2026-10-05T17:44:05.860627+00:00
libero_spatial,reference,dur,arc-sr-20261003-spatial-reference-dur,arc-sr-20261003-spatial-reference-dur-eval,TRAINING_COMPLETE,HISTORICAL,POLICY_EVALUATION_COMPLETE,HISTORICAL,True,2500,2500,1737,69.48,10,2026-10-05T17:44:05.860627+00:00
libero_spatial,gripper,stk,arc-sr-20261003-spatial-gripper-stk,arc-sc-20261004-spatial-gripper-stk-eval,TRAINING_COMPLETE,HISTORICAL,ROLLOUTS,FAILED_CANCELED,False,2072,2500,1407,67.9054054054054,9,2026-10-05T17:44:05.860627+00:00
libero_spatial,component_time,dur,arc-sr-20261003-spatial-component-time-dur,arc-sc-20261004-spatial-component-time-dur-eval,TRAINING_COMPLETE,HISTORICAL,ROLLOUTS,FAILED_CANCELED,False,693,2500,493,71.13997113997114,4,2026-10-05T17:44:05.860627+00:00
libero_spatial,gripper,dur,arc-sb-20261004-spatial-gripper-dur,arc-sb-20261004-spatial-gripper-dur-eval,TRAINING_COMPLETE,COMPLETED,ROLLOUTS,FAILED_CANCELED,False,369,2500,211,57.18157181571816,2,2026-10-05T17:44:05.860627+00:00
libero_spatial,xyz_scalar,stk,arc-sb-20261004-spatial-xyz-scalar-stk,arc-sb-20261004-spatial-xyz-scalar-stk-eval,TRAINING_COMPLETE,COMPLETED,NO_ARTIFACTS,FAILED_CANCELED,False,0,2500,0,,0,2026-10-05T17:44:05.860627+00:00
libero_spatial,xyz_scalar,dur,arc-sb-20261004-spatial-xyz-scalar-dur,arc-sb-20261004-spatial-xyz-scalar-dur-eval,TRAINING,FAILED_CANCELED,NO_ARTIFACTS,FAILED_CANCELED,False,0,2500,0,,0,2026-10-05T17:44:05.860627+00:00
libero_spatial,component_velocity,stk,arc-sb-20261004-spatial-component-velocity-stk,arc-sb-20261004-spatial-component-velocity-stk-eval,TRAINING_COMPLETE,COMPLETED,NO_ARTIFACTS,FAILED_CANCELED,False,0,2500,0,,0,2026-10-05T17:44:05.860627+00:00
libero_spatial,component_velocity,dur,arc-sb-20261004-spatial-component-velocity-dur,arc-sb-20261004-spatial-component-velocity-dur-eval,TRAINING_COMPLETE,COMPLETED,NO_ARTIFACTS,FAILED_CANCELED,False,0,2500,0,,0,2026-10-05T17:44:05.860627+00:00
libero_spatial,component_time,stk,arc-sb-20261004-spatial-component-time-stk,arc-sb-20261004-spatial-component-time-stk-eval,TRAINING_COMPLETE,COMPLETED,NO_ARTIFACTS,FAILED_CANCELED,False,0,2500,0,,0,2026-10-05T17:44:05.860627+00:00
libero_spatial,x_yz,stk,arc-sb-20261004-spatial-x-yz-stk,arc-sb-20261004-spatial-x-yz-stk-eval,TRAINING,FAILED_CANCELED,NO_ARTIFACTS,FAILED_CANCELED,False,0,2500,0,,0,2026-10-05T17:44:05.860627+00:00
libero_spatial,x_yz,dur,arc-sb-20261004-spatial-x-yz-dur,arc-sb-20261004-spatial-x-yz-dur-eval,TRAINING,FAILED_CANCELED,NO_ARTIFACTS,FAILED_CANCELED,False,0,2500,0,,0,2026-10-05T17:44:05.860627+00:00
libero_spatial,y_xz,stk,arc-sb-20261004-spatial-y-xz-stk,arc-sb-20261004-spatial-y-xz-stk-eval,NO_ARTIFACTS,FAILED_CANCELED,NO_ARTIFACTS,FAILED_CANCELED,False,0,2500,0,,0,2026-10-05T17:44:05.860627+00:00
libero_spatial,y_xz,dur,arc-sb-20261004-spatial-y-xz-dur,arc-sb-20261004-spatial-y-xz-dur-eval,TRAINING,FAILED_CANCELED,NO_ARTIFACTS,FAILED_CANCELED,False,0,2500,0,,0,2026-10-05T17:44:05.860627+00:00
libero_spatial,z_xy,stk,arc-sb-20261004-spatial-z-xy-stk,arc-sb-20261004-spatial-z-xy-stk-eval,TRAINING,FAILED_CANCELED,NO_ARTIFACTS,FAILED_CANCELED,False,0,2500,0,,0,2026-10-05T17:44:05.860627+00:00
libero_spatial,z_xy,dur,arc-sb-20261004-spatial-z-xy-dur,arc-sb-20261004-spatial-z-xy-dur-eval,TRAINING,FAILED_CANCELED,NO_ARTIFACTS,FAILED_CANCELED,False,0,2500,0,,0,2026-10-05T17:44:05.860627+00:00
libero_spatial,angular_driver,stk,arc-sb-20261004-spatial-angular-driver-stk,arc-sb-20261004-spatial-angular-driver-stk-eval,NO_ARTIFACTS,FAILED_CANCELED,NO_ARTIFACTS,FAILED_CANCELED,False,0,2500,0,,0,2026-10-05T17:44:05.860627+00:00
libero_spatial,angular_driver,dur,arc-sb-20261004-spatial-angular-driver-dur,arc-sb-20261004-spatial-angular-driver-dur-eval,NO_ARTIFACTS,FAILED_CANCELED,NO_ARTIFACTS,FAILED_CANCELED,False,0,2500,0,,0,2026-10-05T17:44:05.860627+00:00
libero_spatial,angular_scalar,stk,arc-sb-20261004-spatial-angular-scalar-stk,arc-sb-20261004-spatial-angular-scalar-stk-eval,NO_ARTIFACTS,FAILED_CANCELED,NO_ARTIFACTS,FAILED_CANCELED,False,0,2500,0,,0,2026-10-05T17:44:05.860627+00:00
libero_spatial,angular_scalar,dur,arc-sb-20261004-spatial-angular-scalar-dur,arc-sb-20261004-spatial-angular-scalar-dur-eval,NO_ARTIFACTS,FAILED_CANCELED,NO_ARTIFACTS,FAILED_CANCELED,False,0,2500,0,,0,2026-10-05T17:44:05.860627+00:00
libero_spatial,all_scalar,stk,arc-sb-20261004-spatial-all-scalar-stk,arc-sb-20261004-spatial-all-scalar-stk-eval,NO_ARTIFACTS,FAILED_CANCELED,NO_ARTIFACTS,FAILED_CANCELED,False,0,2500,0,,0,2026-10-05T17:44:05.860627+00:00
libero_spatial,all_scalar,dur,arc-sb-20261004-spatial-all-scalar-dur,arc-sb-20261004-spatial-all-scalar-dur-eval,NO_ARTIFACTS,FAILED_CANCELED,NO_ARTIFACTS,FAILED_CANCELED,False,0,2500,0,,0,2026-10-05T17:44:05.860627+00:00
libero_object,reference,stk,arc-sr-20261003-object-reference-stk,arc-sr-20261003-object-reference-stk-eval,TRAINING_COMPLETE,HISTORICAL,POLICY_EVALUATION_COMPLETE,HISTORICAL,True,2500,2500,1179,47.16,10,2026-10-05T17:44:05.860627+00:00
libero_object,reference,dur,arc-sr-20261003-object-reference-dur,arc-sc-20261004-object-reference-dur-eval,TRAINING_COMPLETE,HISTORICAL,POLICY_EVALUATION_COMPLETE,COMPLETED,True,2500,2500,1049,41.96,10,2026-10-05T17:44:05.860627+00:00
libero_object,gripper,stk,arc-sr-20261003-object-gripper-stk,arc-sc-20261004-object-gripper-stk-eval,TRAINING_COMPLETE,HISTORICAL,ROLLOUTS,FAILED_CANCELED,False,851,2500,521,61.22209165687426,4,2026-10-05T17:44:05.860627+00:00
libero_object,component_time,dur,arc-sr-20261003-object-component-time-dur,arc-sc-20261004-object-component-time-dur-eval,TRAINING_COMPLETE,HISTORICAL,NO_ARTIFACTS,FAILED_CANCELED,False,0,2500,0,,0,2026-10-05T17:44:05.860627+00:00
libero_object,gripper,dur,arc-sx-20261003-object-gripper-dur,arc-sv-20261004-object-gripper-dur-eval,TRAINING_COMPLETE,COMPLETED,ROLLOUTS,FAILED_CANCELED,False,115,2500,86,74.78260869565217,1,2026-10-05T17:44:05.860627+00:00
libero_object,xyz_scalar,stk,arc-sx-20261003-object-xyz-scalar-stk,arc-sv-20261004-object-xyz-scalar-stk-eval,TRAINING_COMPLETE,COMPLETED,ROLLOUTS,FAILED_CANCELED,False,760,2500,311,40.921052631578945,4,2026-10-05T17:44:05.860627+00:00
libero_object,xyz_scalar,dur,arc-sx-20261003-object-xyz-scalar-dur,arc-sv-20261004-object-xyz-scalar-dur-eval,TRAINING_COMPLETE,COMPLETED,ROLLOUTS,FAILED_CANCELED,False,150,2500,137,91.33333333333333,1,2026-10-05T17:44:05.860627+00:00
libero_object,component_velocity,stk,arc-sx-20261003-object-component-velocity-stk,arc-sv-20261004-object-component-velocity-stk-eval,TRAINING_COMPLETE,COMPLETED,ROLLOUTS,FAILED_CANCELED,False,886,2500,499,56.32054176072235,4,2026-10-05T17:44:05.860627+00:00
libero_object,component_velocity,dur,arc-sx-20261003-object-component-velocity-dur,arc-sv-20261004-object-component-velocity-dur-eval,TRAINING_COMPLETE,COMPLETED,NO_ARTIFACTS,FAILED_CANCELED,False,0,2500,0,,0,2026-10-05T17:44:05.860627+00:00
libero_object,component_time,stk,arc-sx-20261003-object-component-time-stk,arc-sv-20261004-object-component-time-stk-eval,TRAINING_COMPLETE,COMPLETED,NO_ARTIFACTS,FAILED_CANCELED,False,0,2500,0,,0,2026-10-05T17:44:05.860627+00:00
libero_object,x_yz,stk,arc-sx-20261003-object-x-yz-stk,arc-sv-20261004-object-x-yz-stk-eval,TRAINING_COMPLETE,COMPLETED,NO_ARTIFACTS,FAILED_UPSTREAM,False,0,2500,0,,0,2026-10-05T17:44:05.860627+00:00
libero_object,x_yz,dur,arc-sx-20261003-object-x-yz-dur,arc-sv-20261004-object-x-yz-dur-eval,TRAINING_COMPLETE,COMPLETED,NO_ARTIFACTS,FAILED_CANCELED,False,0,2500,0,,0,2026-10-05T17:44:05.860627+00:00
libero_object,y_xz,stk,arc-sx-20261003-object-y-xz-stk,arc-sv-20261004-object-y-xz-stk-eval,TRAINING_COMPLETE,COMPLETED,NO_ARTIFACTS,FAILED_UPSTREAM,False,0,2500,0,,0,2026-10-05T17:44:05.860627+00:00
libero_object,y_xz,dur,arc-sx-20261003-object-y-xz-dur,arc-sv-20261004-object-y-xz-dur-eval,TRAINING_COMPLETE,COMPLETED,NO_ARTIFACTS,FAILED_UPSTREAM,False,0,2500,0,,0,2026-10-05T17:44:05.860627+00:00
libero_object,z_xy,stk,arc-sx-20261003-object-z-xy-stk,arc-sv-20261004-object-z-xy-stk-eval,TRAINING_COMPLETE,COMPLETED,NO_ARTIFACTS,FAILED_UPSTREAM,False,0,2500,0,,0,2026-10-05T17:44:05.860627+00:00
libero_object,z_xy,dur,arc-sx-20261003-object-z-xy-dur,arc-sv-20261004-object-z-xy-dur-eval,TRAINING_COMPLETE,COMPLETED,NO_ARTIFACTS,FAILED_UPSTREAM,False,0,2500,0,,0,2026-10-05T17:44:05.860627+00:00
libero_object,angular_driver,stk,arc-sx-20261003-object-angular-driver-stk,arc-sv-20261004-object-angular-driver-stk-eval,TRAINING_COMPLETE,COMPLETED,NO_ARTIFACTS,FAILED_UPSTREAM,False,0,2500,0,,0,2026-10-05T17:44:05.860627+00:00
libero_object,angular_driver,dur,arc-sx-20261003-object-angular-driver-dur,arc-sv-20261004-object-angular-driver-dur-eval,TRAINING_COMPLETE,COMPLETED,NO_ARTIFACTS,FAILED_UPSTREAM,False,0,2500,0,,0,2026-10-05T17:44:05.860627+00:00
libero_object,angular_scalar,stk,arc-sx-20261003-object-angular-scalar-stk,arc-sv-20261004-object-angular-scalar-stk-eval,TRAINING_COMPLETE,COMPLETED,NO_ARTIFACTS,FAILED_UPSTREAM,False,0,2500,0,,0,2026-10-05T17:44:05.860627+00:00
libero_object,angular_scalar,dur,arc-sx-20261003-object-angular-scalar-dur,arc-sv-20261004-object-angular-scalar-dur-eval,TRAINING_COMPLETE,COMPLETED,NO_ARTIFACTS,FAILED_UPSTREAM,False,0,2500,0,,0,2026-10-05T17:44:05.860627+00:00
libero_object,all_scalar,stk,arc-sx-20261003-object-all-scalar-stk,arc-sv-20261004-object-all-scalar-stk-eval,TRAINING_COMPLETE,COMPLETED,NO_ARTIFACTS,FAILED_UPSTREAM,False,0,2500,0,,0,2026-10-05T17:44:05.860627+00:00
libero_object,all_scalar,dur,arc-sx-20261003-object-all-scalar-dur,arc-sv-20261004-object-all-scalar-dur-eval,TRAINING_COMPLETE,COMPLETED,NO_ARTIFACTS,FAILED_UPSTREAM,False,0,2500,0,,0,2026-10-05T17:44:05.860627+00:00
libero_goal,reference,stk,arc-str-20261002r2-goal-reference-stk,arc-se-20261003-goal-reference-stk-eval,TRAINING_COMPLETE,HISTORICAL,POLICY_EVALUATION_COMPLETE,HISTORICAL,True,2500,2500,2138,85.52,10,2026-10-05T17:44:05.860627+00:00
libero_goal,reference,dur,arc-sr-20261003-goal-reference-dur,arc-sr-20261003-goal-reference-dur-eval,TRAINING_COMPLETE,HISTORICAL,POLICY_EVALUATION_COMPLETE,HISTORICAL,True,2500,2500,2234,89.36,10,2026-10-05T17:44:05.860627+00:00
libero_goal,gripper,stk,arc-sr-20261003-goal-gripper-stk,arc-sr-20261003-goal-gripper-stk-eval,TRAINING_COMPLETE,HISTORICAL,POLICY_EVALUATION_COMPLETE,HISTORICAL,True,2500,2500,2176,87.04,10,2026-10-05T17:44:05.860627+00:00
libero_goal,component_time,dur,arc-sr-20261003-goal-component-time-dur,arc-sc-20261004-goal-component-time-dur-eval,TRAINING_COMPLETE,HISTORICAL,ROLLOUTS,FAILED_CANCELED,False,1904,2500,1682,88.34033613445378,9,2026-10-05T17:44:05.860627+00:00
libero_goal,gripper,dur,arc-sb-20261004-goal-gripper-dur,arc-sb-20261004-goal-gripper-dur-eval,TRAINING_COMPLETE,COMPLETED,ROLLOUTS,FAILED_CANCELED,False,597,2500,578,96.81742043551088,3,2026-10-05T17:44:05.860627+00:00
libero_goal,xyz_scalar,stk,arc-sb-20261004-goal-xyz-scalar-stk,arc-sb-20261004-goal-xyz-scalar-stk-eval,TRAINING_COMPLETE,COMPLETED,NO_ARTIFACTS,FAILED_CANCELED,False,0,2500,0,,0,2026-10-05T17:44:05.860627+00:00
libero_goal,xyz_scalar,dur,arc-sb-20261004-goal-xyz-scalar-dur,arc-sb-20261004-goal-xyz-scalar-dur-eval,TRAINING_COMPLETE,COMPLETED,NO_ARTIFACTS,FAILED_CANCELED,False,0,2500,0,,0,2026-10-05T17:44:05.860627+00:00
libero_goal,component_velocity,stk,arc-sb-20261004-goal-component-velocity-stk,arc-sb-20261004-goal-component-velocity-stk-eval,TRAINING_COMPLETE,COMPLETED,NO_ARTIFACTS,FAILED_CANCELED,False,0,2500,0,,0,2026-10-05T17:44:05.860627+00:00
libero_goal,component_velocity,dur,arc-sb-20261004-goal-component-velocity-dur,arc-sb-20261004-goal-component-velocity-dur-eval,TRAINING_COMPLETE,COMPLETED,NO_ARTIFACTS,FAILED_CANCELED,False,0,2500,0,,0,2026-10-05T17:44:05.860627+00:00
libero_goal,component_time,stk,arc-sb-20261004-goal-component-time-stk,arc-sb-20261004-goal-component-time-stk-eval,TRAINING_COMPLETE,COMPLETED,NO_ARTIFACTS,FAILED_CANCELED,False,0,2500,0,,0,2026-10-05T17:44:05.860627+00:00
libero_goal,x_yz,stk,arc-sb-20261004-goal-x-yz-stk,arc-sb-20261004-goal-x-yz-stk-eval,TRAINING,FAILED_CANCELED,NO_ARTIFACTS,FAILED_CANCELED,False,0,2500,0,,0,2026-10-05T17:44:05.860627+00:00
libero_goal,x_yz,dur,arc-sb-20261004-goal-x-yz-dur,arc-sb-20261004-goal-x-yz-dur-eval,TRAINING,FAILED_CANCELED,NO_ARTIFACTS,FAILED_CANCELED,False,0,2500,0,,0,2026-10-05T17:44:05.860627+00:00
libero_goal,y_xz,stk,arc-sb-20261004-goal-y-xz-stk,arc-sb-20261004-goal-y-xz-stk-eval,TRAINING,FAILED_CANCELED,NO_ARTIFACTS,FAILED_CANCELED,False,0,2500,0,,0,2026-10-05T17:44:05.860627+00:00
libero_goal,y_xz,dur,arc-sb-20261004-goal-y-xz-dur,arc-sb-20261004-goal-y-xz-dur-eval,TRAINING,FAILED_CANCELED,NO_ARTIFACTS,FAILED_CANCELED,False,0,2500,0,,0,2026-10-05T17:44:05.860627+00:00
libero_goal,z_xy,stk,arc-sb-20261004-goal-z-xy-stk,arc-sb-20261004-goal-z-xy-stk-eval,TRAINING,FAILED_CANCELED,NO_ARTIFACTS,FAILED_CANCELED,False,0,2500,0,,0,2026-10-05T17:44:05.860627+00:00
libero_goal,z_xy,dur,arc-sb-20261004-goal-z-xy-dur,arc-sb-20261004-goal-z-xy-dur-eval,TRAINING,FAILED_CANCELED,NO_ARTIFACTS,FAILED_CANCELED,False,0,2500,0,,0,2026-10-05T17:44:05.860627+00:00
libero_goal,angular_driver,stk,arc-sb-20261004-goal-angular-driver-stk,arc-sb-20261004-goal-angular-driver-stk-eval,NO_ARTIFACTS,FAILED_CANCELED,NO_ARTIFACTS,FAILED_CANCELED,False,0,2500,0,,0,2026-10-05T17:44:05.860627+00:00
libero_goal,angular_driver,dur,arc-sb-20261004-goal-angular-driver-dur,arc-sb-20261004-goal-angular-driver-dur-eval,NO_ARTIFACTS,FAILED_CANCELED,NO_ARTIFACTS,FAILED_CANCELED,False,0,2500,0,,0,2026-10-05T17:44:05.860627+00:00
libero_goal,angular_scalar,stk,arc-sb-20261004-goal-angular-scalar-stk,arc-sb-20261004-goal-angular-scalar-stk-eval,NO_ARTIFACTS,FAILED_CANCELED,NO_ARTIFACTS,FAILED_CANCELED,False,0,2500,0,,0,2026-10-05T17:44:05.860627+00:00
libero_goal,angular_scalar,dur,arc-sb-20261004-goal-angular-scalar-dur,arc-sb-20261004-goal-angular-scalar-dur-eval,NO_ARTIFACTS,FAILED_CANCELED,NO_ARTIFACTS,FAILED_CANCELED,False,0,2500,0,,0,2026-10-05T17:44:05.860627+00:00
libero_goal,all_scalar,stk,arc-sb-20261004-goal-all-scalar-stk,arc-sb-20261004-goal-all-scalar-stk-eval,NO_ARTIFACTS,FAILED_CANCELED,NO_ARTIFACTS,FAILED_CANCELED,False,0,2500,0,,0,2026-10-05T17:44:05.860627+00:00
libero_goal,all_scalar,dur,arc-sb-20261004-goal-all-scalar-dur,arc-sb-20261004-goal-all-scalar-dur-eval,NO_ARTIFACTS,FAILED_CANCELED,NO_ARTIFACTS,FAILED_CANCELED,False,0,2500,0,,0,2026-10-05T17:44:05.860627+00:00
libero_10,reference,stk,arc-sr-20261003-10-reference-stk,arc-sr-20261003-10-reference-stk-eval,TRAINING_COMPLETE,COMPLETED,POLICY_EVALUATION_COMPLETE,COMPLETED,True,2500,2500,1366,54.64,10,2026-10-05T17:44:05.860627+00:00
libero_10,reference,dur,arc-sr-20261003-10-reference-dur,arc-sr-20261003-10-reference-dur-eval,TRAINING_COMPLETE,COMPLETED,POLICY_EVALUATION_COMPLETE,COMPLETED,True,2500,2500,1345,53.8,10,2026-10-05T17:44:05.860627+00:00
libero_10,gripper,stk,arc-sr-20261003-10-gripper-stk,arc-sr-20261003-10-gripper-stk-eval,TRAINING_COMPLETE,COMPLETED,POLICY_EVALUATION_COMPLETE,COMPLETED,True,2500,2500,1390,55.6,10,2026-10-05T17:44:05.860627+00:00
libero_10,component_time,dur,arc-sr-20261003-10-component-time-dur,arc-sr-20261003-10-component-time-dur-eval,TRAINING_COMPLETE,COMPLETED,POLICY_EVALUATION_COMPLETE,COMPLETED,True,2500,2500,1367,54.68,10,2026-10-05T17:44:05.860627+00:00
libero_10,gripper,dur,arc-sb-20261004-10-gripper-dur,arc-sb-20261004-10-gripper-dur-eval,TRAINING,FAILED_CANCELED,NO_ARTIFACTS,FAILED_CANCELED,False,0,2500,0,,0,2026-10-05T17:44:05.860627+00:00
libero_10,xyz_scalar,stk,arc-sb-20261004-10-xyz-scalar-stk,arc-sb-20261004-10-xyz-scalar-stk-eval,TRAINING,FAILED_CANCELED,NO_ARTIFACTS,FAILED_CANCELED,False,0,2500,0,,0,2026-10-05T17:44:05.860627+00:00
libero_10,xyz_scalar,dur,arc-sb-20261004-10-xyz-scalar-dur,arc-sb-20261004-10-xyz-scalar-dur-eval,TRAINING,FAILED_CANCELED,NO_ARTIFACTS,FAILED_CANCELED,False,0,2500,0,,0,2026-10-05T17:44:05.860627+00:00
libero_10,component_velocity,stk,arc-sb-20261004-10-component-velocity-stk,arc-sb-20261004-10-component-velocity-stk-eval,TRAINING,FAILED_CANCELED,NO_ARTIFACTS,FAILED_CANCELED,False,0,2500,0,,0,2026-10-05T17:44:05.860627+00:00
libero_10,component_velocity,dur,arc-sb-20261004-10-component-velocity-dur,arc-sb-20261004-10-component-velocity-dur-eval,TRAINING,FAILED_CANCELED,NO_ARTIFACTS,FAILED_CANCELED,False,0,2500,0,,0,2026-10-05T17:44:05.860627+00:00
libero_10,component_time,stk,arc-sb-20261004-10-component-time-stk,arc-sb-20261004-10-component-time-stk-eval,TRAINING,FAILED_CANCELED,NO_ARTIFACTS,FAILED_CANCELED,False,0,2500,0,,0,2026-10-05T17:44:05.860627+00:00
libero_10,x_yz,stk,arc-sb-20261004-10-x-yz-stk,arc-sb-20261004-10-x-yz-stk-eval,NO_ARTIFACTS,FAILED_CANCELED,NO_ARTIFACTS,FAILED_CANCELED,False,0,2500,0,,0,2026-10-05T17:44:05.860627+00:00
libero_10,x_yz,dur,arc-sb-20261004-10-x-yz-dur,arc-sb-20261004-10-x-yz-dur-eval,NO_ARTIFACTS,FAILED_CANCELED,NO_ARTIFACTS,FAILED_CANCELED,False,0,2500,0,,0,2026-10-05T17:44:05.860627+00:00
libero_10,y_xz,stk,arc-sb-20261004-10-y-xz-stk,arc-sb-20261004-10-y-xz-stk-eval,NO_ARTIFACTS,FAILED_CANCELED,NO_ARTIFACTS,FAILED_CANCELED,False,0,2500,0,,0,2026-10-05T17:44:05.860627+00:00
libero_10,y_xz,dur,arc-sb-20261004-10-y-xz-dur,arc-sb-20261004-10-y-xz-dur-eval,NO_ARTIFACTS,FAILED_CANCELED,NO_ARTIFACTS,FAILED_CANCELED,False,0,2500,0,,0,2026-10-05T17:44:05.860627+00:00
libero_10,z_xy,stk,arc-sb-20261004-10-z-xy-stk,arc-sb-20261004-10-z-xy-stk-eval,NO_ARTIFACTS,FAILED_CANCELED,NO_ARTIFACTS,FAILED_CANCELED,False,0,2500,0,,0,2026-10-05T17:44:05.860627+00:00
libero_10,z_xy,dur,arc-sb-20261004-10-z-xy-dur,arc-sb-20261004-10-z-xy-dur-eval,NO_ARTIFACTS,FAILED_CANCELED,NO_ARTIFACTS,FAILED_CANCELED,False,0,2500,0,,0,2026-10-05T17:44:05.860627+00:00
libero_10,angular_driver,stk,arc-sb-20261004-10-angular-driver-stk,arc-sb-20261004-10-angular-driver-stk-eval,NO_ARTIFACTS,FAILED_CANCELED,NO_ARTIFACTS,FAILED_CANCELED,False,0,2500,0,,0,2026-10-05T17:44:05.860627+00:00
libero_10,angular_driver,dur,arc-sb-20261004-10-angular-driver-dur,arc-sb-20261004-10-angular-driver-dur-eval,NO_ARTIFACTS,FAILED_CANCELED,NO_ARTIFACTS,FAILED_CANCELED,False,0,2500,0,,0,2026-10-05T17:44:05.860627+00:00
libero_10,angular_scalar,stk,arc-sb-20261004-10-angular-scalar-stk,arc-sb-20261004-10-angular-scalar-stk-eval,NO_ARTIFACTS,FAILED_CANCELED,NO_ARTIFACTS,FAILED_CANCELED,False,0,2500,0,,0,2026-10-05T17:44:05.860627+00:00
libero_10,angular_scalar,dur,arc-sb-20261004-10-angular-scalar-dur,arc-sb-20261004-10-angular-scalar-dur-eval,NO_ARTIFACTS,FAILED_CANCELED,NO_ARTIFACTS,FAILED_CANCELED,False,0,2500,0,,0,2026-10-05T17:44:05.860627+00:00
libero_10,all_scalar,stk,arc-sb-20261004-10-all-scalar-stk,arc-sb-20261004-10-all-scalar-stk-eval,NO_ARTIFACTS,FAILED_CANCELED,NO_ARTIFACTS,FAILED_CANCELED,False,0,2500,0,,0,2026-10-05T17:44:05.860627+00:00
libero_10,all_scalar,dur,arc-sb-20261004-10-all-scalar-dur,arc-sb-20261004-10-all-scalar-dur-eval,NO_ARTIFACTS,FAILED_CANCELED,NO_ARTIFACTS,FAILED_CANCELED,False,0,2500,0,,0,2026-10-05T17:44:05.860627+00:00
