variant,mode,successes,episodes,success_rate_percent,raw_successes,lost_raw_successes,gained_successes,mean_action_mse,mean_gripper_mismatch,mean_execution_coverage,spatial_successes,object_successes,goal_successes,10_successes
reference,stk,104,120,86.66666666666667,111,11,4,0.011161139637024942,0.019310062453315555,1.0,24,25,29,26
reference,dur,103,120,85.83333333333333,111,10,2,0.010751678612218025,0.01860515528393705,1.0,23,25,29,26
gripper,stk,108,120,90.0,111,8,5,0.0001268182351303378,0.0,0.9204639440465067,26,27,29,26
gripper,dur,108,120,90.0,111,6,3,0.00012016130711113975,0.0,1.0,25,28,29,26
component_time,stk,64,120,53.333333333333336,111,48,1,0.0024227543902033983,0.0,0.8820149120556349,16,20,23,5
component_time,dur,107,120,89.16666666666667,111,7,3,0.00012016130711113975,0.0,1.0,25,28,29,25
xyz_scalar,stk,109,120,90.83333333333333,111,7,5,0.0002905888574805755,0.0,0.9204639440465067,28,27,28,26
xyz_scalar,dur,106,120,88.33333333333333,111,7,2,0.0001991879676623333,0.0,1.0,27,25,28,26
component_velocity,stk,108,120,90.0,111,8,5,0.00012681823383482979,0.0,0.9204639440465067,26,27,29,26
component_velocity,dur,108,120,90.0,111,6,3,0.00012016130711113975,0.0,1.0,25,28,29,26
x_yz,stk,106,120,88.33333333333333,111,9,4,0.00019675143312046256,0.0,0.9204639440465067,27,27,28,24
x_yz,dur,109,120,90.83333333333333,111,3,1,0.00015880085428889162,0.0,1.0,27,27,29,26
y_xz,stk,110,120,91.66666666666667,111,5,4,0.00018958582763061832,0.0,0.9204639440465067,28,28,28,26
y_xz,dur,110,120,91.66666666666667,111,4,3,0.00015312562916701126,0.0,1.0,28,27,28,27
z_xy,stk,110,120,91.66666666666667,111,6,5,0.0002461889284352454,0.0,0.9204639440465067,29,28,27,26
z_xy,dur,112,120,93.33333333333333,111,2,3,0.0001873535296012755,0.0,1.0,28,28,29,27
angular_driver,stk,109,120,90.83333333333333,111,6,4,0.00012681821410544011,0.0,0.9204639440465067,27,27,30,25
angular_driver,dur,106,120,88.33333333333333,111,7,2,0.00012016133218878054,0.0,1.0,26,27,29,24
angular_scalar,stk,110,120,91.66666666666667,111,5,4,0.00013012882878502804,0.0,0.9204639440465067,27,27,30,26
angular_scalar,dur,106,120,88.33333333333333,111,6,1,0.00012084313883735942,0.0,1.0,26,27,29,24
all_scalar,stk,111,120,92.5,111,4,4,0.0002938994511352658,0.0,0.9204639440465067,29,27,28,27
all_scalar,dur,107,120,89.16666666666667,111,7,3,0.00019986979938855297,0.0,1.0,25,25,29,28
