suite,contrast,candidate_variant,candidate_mode,control_variant,control_mode,task,episodes,candidate_sr_percent,control_sr_percent,delta_pp
libero_spatial,duration_vs_stk,reference,dur,reference,stk,pick_up_the_black_bowl_between_the_plate_and_the_ramekin_and_place_it_on_the_plate,250,61.6,56.00000000000001,5.599999999999994
libero_spatial,duration_vs_stk,reference,dur,reference,stk,pick_up_the_black_bowl_from_table_center_and_place_it_on_the_plate,250,82.39999999999999,81.2,1.19999999999999
libero_spatial,duration_vs_stk,reference,dur,reference,stk,pick_up_the_black_bowl_in_the_top_drawer_of_the_wooden_cabinet_and_place_it_on_the_plate,250,74.0,81.6,-7.599999999999996
libero_spatial,duration_vs_stk,reference,dur,reference,stk,pick_up_the_black_bowl_next_to_the_cookie_box_and_place_it_on_the_plate,250,84.39999999999999,75.6,8.799999999999997
libero_spatial,duration_vs_stk,reference,dur,reference,stk,pick_up_the_black_bowl_next_to_the_plate_and_place_it_on_the_plate,250,58.4,54.0,4.399999999999993
libero_spatial,duration_vs_stk,reference,dur,reference,stk,pick_up_the_black_bowl_next_to_the_ramekin_and_place_it_on_the_plate,250,78.8,84.8,-5.999999999999995
libero_spatial,duration_vs_stk,reference,dur,reference,stk,pick_up_the_black_bowl_on_the_cookie_box_and_place_it_on_the_plate,250,87.2,92.80000000000001,-5.600000000000005
libero_spatial,duration_vs_stk,reference,dur,reference,stk,pick_up_the_black_bowl_on_the_ramekin_and_place_it_on_the_plate,250,3.5999999999999996,6.0,-2.4
libero_spatial,duration_vs_stk,reference,dur,reference,stk,pick_up_the_black_bowl_on_the_stove_and_place_it_on_the_plate,250,96.0,91.60000000000001,4.399999999999993
libero_spatial,duration_vs_stk,reference,dur,reference,stk,pick_up_the_black_bowl_on_the_wooden_cabinet_and_place_it_on_the_plate,250,68.4,62.8,5.600000000000005
libero_spatial,versus_reference,gripper,stk,reference,stk,pick_up_the_black_bowl_between_the_plate_and_the_ramekin_and_place_it_on_the_plate,250,56.8,56.00000000000001,0.7999999999999896
libero_spatial,versus_reference,gripper,stk,reference,stk,pick_up_the_black_bowl_from_table_center_and_place_it_on_the_plate,250,83.2,81.2,1.9999999999999907
libero_spatial,versus_reference,gripper,stk,reference,stk,pick_up_the_black_bowl_in_the_top_drawer_of_the_wooden_cabinet_and_place_it_on_the_plate,250,70.39999999999999,81.6,-11.2
libero_spatial,versus_reference,gripper,stk,reference,stk,pick_up_the_black_bowl_next_to_the_cookie_box_and_place_it_on_the_plate,250,77.2,75.6,1.6000000000000014
libero_spatial,versus_reference,gripper,stk,reference,stk,pick_up_the_black_bowl_next_to_the_plate_and_place_it_on_the_plate,72,45.83333333333333,47.22222222222222,-1.3888888888888895
libero_spatial,versus_reference,gripper,stk,reference,stk,pick_up_the_black_bowl_next_to_the_ramekin_and_place_it_on_the_plate,250,78.4,84.8,-6.399999999999995
libero_spatial,versus_reference,gripper,stk,reference,stk,pick_up_the_black_bowl_on_the_cookie_box_and_place_it_on_the_plate,250,89.2,92.80000000000001,-3.600000000000003
libero_spatial,versus_reference,gripper,stk,reference,stk,pick_up_the_black_bowl_on_the_ramekin_and_place_it_on_the_plate,250,2.4,6.0,-3.5999999999999996
libero_spatial,versus_reference,gripper,stk,reference,stk,pick_up_the_black_bowl_on_the_stove_and_place_it_on_the_plate,250,92.0,91.60000000000001,0.40000000000000036
libero_spatial,versus_reference,component_time,dur,reference,dur,pick_up_the_black_bowl_between_the_plate_and_the_ramekin_and_place_it_on_the_plate,250,56.00000000000001,61.6,-5.599999999999994
libero_spatial,versus_reference,component_time,dur,reference,dur,pick_up_the_black_bowl_from_table_center_and_place_it_on_the_plate,188,82.4468085106383,80.31914893617021,2.127659574468088
libero_spatial,versus_reference,component_time,dur,reference,dur,pick_up_the_black_bowl_next_to_the_ramekin_and_place_it_on_the_plate,250,77.2,78.8,-1.6000000000000014
libero_spatial,versus_reference,component_time,dur,reference,dur,pick_up_the_black_bowl_on_the_cookie_box_and_place_it_on_the_plate,5,100.0,80.0,19.999999999999996
libero_spatial,combined_timing_change,component_time,dur,gripper,dur,pick_up_the_black_bowl_between_the_plate_and_the_ramekin_and_place_it_on_the_plate,250,56.00000000000001,49.6,6.400000000000006
libero_spatial,combined_timing_change,component_time,dur,gripper,dur,pick_up_the_black_bowl_next_to_the_ramekin_and_place_it_on_the_plate,119,76.47058823529412,73.10924369747899,3.361344537815125
libero_spatial,versus_reference,gripper,dur,reference,dur,pick_up_the_black_bowl_between_the_plate_and_the_ramekin_and_place_it_on_the_plate,250,49.6,61.6,-12.0
libero_spatial,versus_reference,gripper,dur,reference,dur,pick_up_the_black_bowl_next_to_the_ramekin_and_place_it_on_the_plate,119,73.10924369747899,79.83193277310924,-6.722689075630262
libero_spatial,duration_vs_stk,gripper,dur,gripper,stk,pick_up_the_black_bowl_between_the_plate_and_the_ramekin_and_place_it_on_the_plate,250,49.6,56.8,-7.199999999999996
libero_spatial,duration_vs_stk,gripper,dur,gripper,stk,pick_up_the_black_bowl_next_to_the_ramekin_and_place_it_on_the_plate,119,73.10924369747899,80.67226890756302,-7.5630252100840405
libero_object,duration_vs_stk,reference,dur,reference,stk,pick_up_the_alphabet_soup_and_place_it_in_the_basket,250,26.8,98.4,-71.6
libero_object,duration_vs_stk,reference,dur,reference,stk,pick_up_the_bbq_sauce_and_place_it_in_the_basket,250,0.8,20.0,-19.2
libero_object,duration_vs_stk,reference,dur,reference,stk,pick_up_the_butter_and_place_it_in_the_basket,250,0.0,14.799999999999999,-14.799999999999999
libero_object,duration_vs_stk,reference,dur,reference,stk,pick_up_the_chocolate_pudding_and_place_it_in_the_basket,250,0.4,12.0,-11.6
libero_object,duration_vs_stk,reference,dur,reference,stk,pick_up_the_cream_cheese_and_place_it_in_the_basket,250,1.2,2.8000000000000003,-1.6
libero_object,duration_vs_stk,reference,dur,reference,stk,pick_up_the_ketchup_and_place_it_in_the_basket,250,100.0,97.2,2.8000000000000025
libero_object,duration_vs_stk,reference,dur,reference,stk,pick_up_the_milk_and_place_it_in_the_basket,250,98.0,91.2,6.799999999999995
libero_object,duration_vs_stk,reference,dur,reference,stk,pick_up_the_orange_juice_and_place_it_in_the_basket,250,92.4,93.60000000000001,-1.200000000000001
libero_object,duration_vs_stk,reference,dur,reference,stk,pick_up_the_salad_dressing_and_place_it_in_the_basket,250,100.0,41.6,58.400000000000006
libero_object,duration_vs_stk,reference,dur,reference,stk,pick_up_the_tomato_sauce_and_place_it_in_the_basket,250,0.0,0.0,0.0
libero_object,versus_reference,gripper,stk,reference,stk,pick_up_the_alphabet_soup_and_place_it_in_the_basket,250,68.8,98.4,-29.600000000000005
libero_object,versus_reference,gripper,stk,reference,stk,pick_up_the_bbq_sauce_and_place_it_in_the_basket,101,83.16831683168317,16.831683168316832,66.33663366336633
libero_object,versus_reference,gripper,stk,reference,stk,pick_up_the_cream_cheese_and_place_it_in_the_basket,250,6.800000000000001,2.8000000000000003,4.000000000000001
libero_object,versus_reference,gripper,stk,reference,stk,pick_up_the_salad_dressing_and_place_it_in_the_basket,250,99.2,41.6,57.60000000000001
libero_object,versus_reference,gripper,dur,reference,dur,pick_up_the_alphabet_soup_and_place_it_in_the_basket,115,74.78260869565217,21.73913043478261,53.04347826086957
libero_object,duration_vs_stk,gripper,dur,gripper,stk,pick_up_the_alphabet_soup_and_place_it_in_the_basket,115,74.78260869565217,73.91304347826086,0.8695652173913104
libero_object,versus_reference,xyz_scalar,stk,reference,stk,pick_up_the_alphabet_soup_and_place_it_in_the_basket,250,40.0,98.4,-58.4
libero_object,versus_reference,xyz_scalar,stk,reference,stk,pick_up_the_bbq_sauce_and_place_it_in_the_basket,17,17.647058823529413,29.411764705882355,-11.76470588235294
libero_object,versus_reference,xyz_scalar,stk,reference,stk,pick_up_the_cream_cheese_and_place_it_in_the_basket,250,2.0,2.8000000000000003,-0.8
libero_object,versus_reference,xyz_scalar,stk,reference,stk,pick_up_the_salad_dressing_and_place_it_in_the_basket,243,83.53909465020575,41.56378600823045,41.9753086419753
libero_object,design_contrast,xyz_scalar,stk,gripper,stk,pick_up_the_alphabet_soup_and_place_it_in_the_basket,250,40.0,68.8,-28.799999999999994
libero_object,design_contrast,xyz_scalar,stk,gripper,stk,pick_up_the_bbq_sauce_and_place_it_in_the_basket,17,17.647058823529413,76.47058823529412,-58.823529411764696
libero_object,design_contrast,xyz_scalar,stk,gripper,stk,pick_up_the_cream_cheese_and_place_it_in_the_basket,250,2.0,6.800000000000001,-4.8
libero_object,design_contrast,xyz_scalar,stk,gripper,stk,pick_up_the_salad_dressing_and_place_it_in_the_basket,243,83.53909465020575,99.1769547325103,-15.637860082304533
libero_object,versus_reference,xyz_scalar,dur,reference,dur,pick_up_the_alphabet_soup_and_place_it_in_the_basket,150,91.33333333333333,23.333333333333332,68.0
libero_object,design_contrast,xyz_scalar,dur,gripper,dur,pick_up_the_alphabet_soup_and_place_it_in_the_basket,115,89.56521739130436,74.78260869565217,14.782608695652177
libero_object,duration_vs_stk,xyz_scalar,dur,xyz_scalar,stk,pick_up_the_alphabet_soup_and_place_it_in_the_basket,150,91.33333333333333,38.666666666666664,52.666666666666664
libero_object,versus_reference,component_velocity,stk,reference,stk,pick_up_the_alphabet_soup_and_place_it_in_the_basket,250,92.80000000000001,98.4,-5.599999999999994
libero_object,versus_reference,component_velocity,stk,reference,stk,pick_up_the_bbq_sauce_and_place_it_in_the_basket,136,16.911764705882355,19.11764705882353,-2.205882352941174
libero_object,versus_reference,component_velocity,stk,reference,stk,pick_up_the_cream_cheese_and_place_it_in_the_basket,250,0.0,2.8000000000000003,-2.8000000000000003
libero_object,versus_reference,component_velocity,stk,reference,stk,pick_up_the_salad_dressing_and_place_it_in_the_basket,250,97.6,41.6,56.00000000000001
libero_object,design_contrast,component_velocity,stk,gripper,stk,pick_up_the_alphabet_soup_and_place_it_in_the_basket,250,92.80000000000001,68.8,24.00000000000001
libero_object,design_contrast,component_velocity,stk,gripper,stk,pick_up_the_bbq_sauce_and_place_it_in_the_basket,97,17.525773195876287,82.4742268041237,-64.94845360824742
libero_object,design_contrast,component_velocity,stk,gripper,stk,pick_up_the_cream_cheese_and_place_it_in_the_basket,250,0.0,6.800000000000001,-6.800000000000001
libero_object,design_contrast,component_velocity,stk,gripper,stk,pick_up_the_salad_dressing_and_place_it_in_the_basket,250,97.6,99.2,-1.6000000000000014
libero_goal,duration_vs_stk,reference,dur,reference,stk,open_the_middle_drawer_of_the_cabinet,250,99.6,99.6,0.0
libero_goal,duration_vs_stk,reference,dur,reference,stk,open_the_top_drawer_and_put_the_bowl_inside,250,81.2,72.0,9.200000000000008
libero_goal,duration_vs_stk,reference,dur,reference,stk,push_the_plate_to_the_front_of_the_stove,250,83.2,77.2,5.999999999999995
libero_goal,duration_vs_stk,reference,dur,reference,stk,put_the_bowl_on_the_plate,250,80.0,76.8,3.200000000000003
libero_goal,duration_vs_stk,reference,dur,reference,stk,put_the_bowl_on_the_stove,250,96.39999999999999,98.4,-2.0000000000000018
libero_goal,duration_vs_stk,reference,dur,reference,stk,put_the_bowl_on_top_of_the_cabinet,250,96.39999999999999,94.39999999999999,2.0000000000000018
libero_goal,duration_vs_stk,reference,dur,reference,stk,put_the_cream_cheese_in_the_bowl,250,77.60000000000001,66.0,11.6
libero_goal,duration_vs_stk,reference,dur,reference,stk,put_the_wine_bottle_on_the_rack,250,88.8,84.0,4.800000000000004
libero_goal,duration_vs_stk,reference,dur,reference,stk,put_the_wine_bottle_on_top_of_the_cabinet,250,92.0,87.2,4.800000000000004
libero_goal,duration_vs_stk,reference,dur,reference,stk,turn_on_the_stove,250,98.4,99.6,-1.200000000000001
libero_goal,versus_reference,gripper,stk,reference,stk,open_the_middle_drawer_of_the_cabinet,250,98.8,99.6,-0.8000000000000007
libero_goal,versus_reference,gripper,stk,reference,stk,open_the_top_drawer_and_put_the_bowl_inside,250,74.0,72.0,2.0000000000000018
libero_goal,versus_reference,gripper,stk,reference,stk,push_the_plate_to_the_front_of_the_stove,250,72.39999999999999,77.2,-4.800000000000004
libero_goal,versus_reference,gripper,stk,reference,stk,put_the_bowl_on_the_plate,250,83.6,76.8,6.799999999999995
libero_goal,versus_reference,gripper,stk,reference,stk,put_the_bowl_on_the_stove,250,98.0,98.4,-0.40000000000000036
libero_goal,versus_reference,gripper,stk,reference,stk,put_the_bowl_on_top_of_the_cabinet,250,85.6,94.39999999999999,-8.799999999999997
libero_goal,versus_reference,gripper,stk,reference,stk,put_the_cream_cheese_in_the_bowl,250,80.80000000000001,66.0,14.800000000000002
libero_goal,versus_reference,gripper,stk,reference,stk,put_the_wine_bottle_on_the_rack,250,88.0,84.0,4.0000000000000036
libero_goal,versus_reference,gripper,stk,reference,stk,put_the_wine_bottle_on_top_of_the_cabinet,250,89.60000000000001,87.2,2.400000000000002
libero_goal,versus_reference,gripper,stk,reference,stk,turn_on_the_stove,250,99.6,99.6,0.0
libero_goal,versus_reference,component_time,dur,reference,dur,open_the_middle_drawer_of_the_cabinet,250,98.0,99.6,-1.6000000000000014
libero_goal,versus_reference,component_time,dur,reference,dur,open_the_top_drawer_and_put_the_bowl_inside,250,63.2,81.2,-18.000000000000004
libero_goal,versus_reference,component_time,dur,reference,dur,push_the_plate_to_the_front_of_the_stove,250,94.8,83.2,11.6
libero_goal,versus_reference,component_time,dur,reference,dur,put_the_bowl_on_the_plate,20,90.0,60.0,30.000000000000004
libero_goal,versus_reference,component_time,dur,reference,dur,put_the_bowl_on_the_stove,250,92.80000000000001,96.39999999999999,-3.599999999999992
libero_goal,versus_reference,component_time,dur,reference,dur,put_the_bowl_on_top_of_the_cabinet,250,95.19999999999999,96.39999999999999,-1.200000000000001
libero_goal,versus_reference,component_time,dur,reference,dur,put_the_cream_cheese_in_the_bowl,246,79.67479674796748,77.23577235772358,2.4390243902439046
libero_goal,versus_reference,component_time,dur,reference,dur,put_the_wine_bottle_on_top_of_the_cabinet,250,88.0,92.0,-4.0000000000000036
libero_goal,versus_reference,component_time,dur,reference,dur,turn_on_the_stove,138,100.0,99.27536231884058,0.7246376811594235
libero_goal,combined_timing_change,component_time,dur,gripper,dur,open_the_middle_drawer_of_the_cabinet,250,98.0,99.2,-1.200000000000001
libero_goal,combined_timing_change,component_time,dur,gripper,dur,put_the_bowl_on_the_stove,250,92.80000000000001,98.0,-5.199999999999994
libero_goal,combined_timing_change,component_time,dur,gripper,dur,put_the_wine_bottle_on_top_of_the_cabinet,97,87.62886597938144,87.62886597938144,0.0
libero_goal,versus_reference,gripper,dur,reference,dur,open_the_middle_drawer_of_the_cabinet,250,99.2,99.6,-0.40000000000000036
libero_goal,versus_reference,gripper,dur,reference,dur,put_the_bowl_on_the_stove,250,98.0,96.39999999999999,1.6000000000000014
libero_goal,versus_reference,gripper,dur,reference,dur,put_the_wine_bottle_on_top_of_the_cabinet,97,87.62886597938144,93.81443298969072,-6.185567010309279
libero_goal,duration_vs_stk,gripper,dur,gripper,stk,open_the_middle_drawer_of_the_cabinet,250,99.2,98.8,0.40000000000000036
libero_goal,duration_vs_stk,gripper,dur,gripper,stk,put_the_bowl_on_the_stove,250,98.0,98.0,0.0
libero_goal,duration_vs_stk,gripper,dur,gripper,stk,put_the_wine_bottle_on_top_of_the_cabinet,97,87.62886597938144,86.5979381443299,1.0309278350515427
libero_10,duration_vs_stk,reference,dur,reference,stk,KITCHEN_SCENE3_turn_on_the_stove_and_put_the_moka_pot_on_it,250,85.2,80.0,5.199999999999994
libero_10,duration_vs_stk,reference,dur,reference,stk,KITCHEN_SCENE4_put_the_black_bowl_in_the_bottom_drawer_of_the_cabinet_and_close_it,250,84.0,76.8,7.199999999999996
libero_10,duration_vs_stk,reference,dur,reference,stk,KITCHEN_SCENE6_put_the_yellow_and_white_mug_in_the_microwave_and_close_it,250,62.0,65.60000000000001,-3.600000000000003
libero_10,duration_vs_stk,reference,dur,reference,stk,KITCHEN_SCENE8_put_both_moka_pots_on_the_stove,250,15.6,31.2,-15.6
libero_10,duration_vs_stk,reference,dur,reference,stk,LIVING_ROOM_SCENE1_put_both_the_alphabet_soup_and_the_cream_cheese_box_in_the_basket,250,32.0,32.800000000000004,-0.8000000000000007
libero_10,duration_vs_stk,reference,dur,reference,stk,LIVING_ROOM_SCENE2_put_both_the_alphabet_soup_and_the_tomato_sauce_in_the_basket,250,39.6,54.800000000000004,-15.200000000000003
libero_10,duration_vs_stk,reference,dur,reference,stk,LIVING_ROOM_SCENE2_put_both_the_cream_cheese_box_and_the_butter_in_the_basket,250,57.99999999999999,49.6,8.399999999999997
libero_10,duration_vs_stk,reference,dur,reference,stk,LIVING_ROOM_SCENE5_put_the_white_mug_on_the_left_plate_and_put_the_yellow_and_white_mug_on_the_right_plate,250,40.0,36.0,4.0000000000000036
libero_10,duration_vs_stk,reference,dur,reference,stk,LIVING_ROOM_SCENE6_put_the_white_mug_on_the_plate_and_put_the_chocolate_pudding_to_the_right_of_the_plate,250,33.6,33.6,0.0
libero_10,duration_vs_stk,reference,dur,reference,stk,STUDY_SCENE1_pick_up_the_book_and_place_it_in_the_back_compartment_of_the_caddy,250,88.0,86.0,2.0000000000000018
libero_10,versus_reference,gripper,stk,reference,stk,KITCHEN_SCENE3_turn_on_the_stove_and_put_the_moka_pot_on_it,250,80.80000000000001,80.0,0.8000000000000007
libero_10,versus_reference,gripper,stk,reference,stk,KITCHEN_SCENE4_put_the_black_bowl_in_the_bottom_drawer_of_the_cabinet_and_close_it,250,77.60000000000001,76.8,0.8000000000000007
libero_10,versus_reference,gripper,stk,reference,stk,KITCHEN_SCENE6_put_the_yellow_and_white_mug_in_the_microwave_and_close_it,250,70.39999999999999,65.60000000000001,4.799999999999994
libero_10,versus_reference,gripper,stk,reference,stk,KITCHEN_SCENE8_put_both_moka_pots_on_the_stove,250,38.800000000000004,31.2,7.600000000000001
libero_10,versus_reference,gripper,stk,reference,stk,LIVING_ROOM_SCENE1_put_both_the_alphabet_soup_and_the_cream_cheese_box_in_the_basket,250,28.000000000000004,32.800000000000004,-4.799999999999999
libero_10,versus_reference,gripper,stk,reference,stk,LIVING_ROOM_SCENE2_put_both_the_alphabet_soup_and_the_tomato_sauce_in_the_basket,250,53.2,54.800000000000004,-1.6000000000000014
libero_10,versus_reference,gripper,stk,reference,stk,LIVING_ROOM_SCENE2_put_both_the_cream_cheese_box_and_the_butter_in_the_basket,250,57.599999999999994,49.6,7.9999999999999964
libero_10,versus_reference,gripper,stk,reference,stk,LIVING_ROOM_SCENE5_put_the_white_mug_on_the_left_plate_and_put_the_yellow_and_white_mug_on_the_right_plate,250,36.8,36.0,0.8000000000000007
libero_10,versus_reference,gripper,stk,reference,stk,LIVING_ROOM_SCENE6_put_the_white_mug_on_the_plate_and_put_the_chocolate_pudding_to_the_right_of_the_plate,250,28.000000000000004,33.6,-5.6
libero_10,versus_reference,gripper,stk,reference,stk,STUDY_SCENE1_pick_up_the_book_and_place_it_in_the_back_compartment_of_the_caddy,250,84.8,86.0,-1.200000000000001
libero_10,versus_reference,component_time,dur,reference,dur,KITCHEN_SCENE3_turn_on_the_stove_and_put_the_moka_pot_on_it,250,93.60000000000001,85.2,8.400000000000007
libero_10,versus_reference,component_time,dur,reference,dur,KITCHEN_SCENE4_put_the_black_bowl_in_the_bottom_drawer_of_the_cabinet_and_close_it,250,82.0,84.0,-2.0000000000000018
libero_10,versus_reference,component_time,dur,reference,dur,KITCHEN_SCENE6_put_the_yellow_and_white_mug_in_the_microwave_and_close_it,250,59.599999999999994,62.0,-2.400000000000002
libero_10,versus_reference,component_time,dur,reference,dur,KITCHEN_SCENE8_put_both_moka_pots_on_the_stove,250,24.0,15.6,8.399999999999999
libero_10,versus_reference,component_time,dur,reference,dur,LIVING_ROOM_SCENE1_put_both_the_alphabet_soup_and_the_cream_cheese_box_in_the_basket,250,32.800000000000004,32.0,0.8000000000000007
libero_10,versus_reference,component_time,dur,reference,dur,LIVING_ROOM_SCENE2_put_both_the_alphabet_soup_and_the_tomato_sauce_in_the_basket,250,52.400000000000006,39.6,12.8
libero_10,versus_reference,component_time,dur,reference,dur,LIVING_ROOM_SCENE2_put_both_the_cream_cheese_box_and_the_butter_in_the_basket,250,54.800000000000004,57.99999999999999,-3.1999999999999917
libero_10,versus_reference,component_time,dur,reference,dur,LIVING_ROOM_SCENE5_put_the_white_mug_on_the_left_plate_and_put_the_yellow_and_white_mug_on_the_right_plate,250,40.400000000000006,40.0,0.40000000000000036
libero_10,versus_reference,component_time,dur,reference,dur,LIVING_ROOM_SCENE6_put_the_white_mug_on_the_plate_and_put_the_chocolate_pudding_to_the_right_of_the_plate,250,24.8,33.6,-8.800000000000002
libero_10,versus_reference,component_time,dur,reference,dur,STUDY_SCENE1_pick_up_the_book_and_place_it_in_the_back_compartment_of_the_caddy,250,82.39999999999999,88.0,-5.600000000000005
