suite,variant,mode,saved_epochs_at_least,planned_epochs,saved_optimizer_steps_at_least,planned_optimizer_steps,resumed_from_step,saved_percent_at_least,checkpoint_manifest_last_modified,observed_at_utc
libero_spatial,angular_scalar,stk,4750,5001,256500,270054,,94.98,2026-10-06T17:06:16+00:00,2026-10-06T17:07:23.254040+00:00
libero_spatial,angular_scalar,dur,4600,5001,248400,270054,,91.98,2026-10-06T17:07:18+00:00,2026-10-06T17:07:23.254040+00:00
libero_spatial,all_scalar,stk,3990,5001,215460,270054,,79.78,2026-10-06T17:07:15+00:00,2026-10-06T17:07:23.254040+00:00
libero_spatial,all_scalar,dur,1100,5001,59400,270054,,22.0,2026-10-06T17:06:10+00:00,2026-10-06T17:07:23.254040+00:00
libero_goal,angular_driver,stk,4040,5001,226240,280056,,80.78,2026-10-06T17:06:44+00:00,2026-10-06T17:07:23.254040+00:00
libero_goal,angular_driver,dur,3980,5001,222880,280056,,79.58,2026-10-06T17:06:07+00:00,2026-10-06T17:07:23.254040+00:00
libero_goal,angular_scalar,stk,2370,5001,132720,280056,,47.39,2026-10-06T17:07:17+00:00,2026-10-06T17:07:23.254040+00:00
libero_goal,angular_scalar,dur,2230,5001,124880,280056,,44.59,2026-10-06T17:06:23+00:00,2026-10-06T17:07:23.254040+00:00
libero_goal,all_scalar,stk,2220,5001,124320,280056,,44.39,2026-10-06T17:06:29+00:00,2026-10-06T17:07:23.254040+00:00
libero_goal,all_scalar,dur,2000,5001,112000,280056,,39.99,2026-10-06T17:06:25+00:00,2026-10-06T17:07:23.254040+00:00
libero_10,x_yz,stk,1070,5001,129470,605121,,21.4,2026-10-06T17:05:00+00:00,2026-10-06T17:07:23.254040+00:00
libero_10,x_yz,dur,1040,5001,125840,605121,,20.8,2026-10-06T17:07:08+00:00,2026-10-06T17:07:23.254040+00:00
libero_10,y_xz,stk,930,5001,112530,605121,,18.6,2026-10-06T17:05:07+00:00,2026-10-06T17:07:23.254040+00:00
libero_10,y_xz,dur,1000,5001,121000,605121,,20.0,2026-10-06T17:06:24+00:00,2026-10-06T17:07:23.254040+00:00
libero_10,z_xy,stk,1010,5001,122210,605121,,20.2,2026-10-06T17:06:36+00:00,2026-10-06T17:07:23.254040+00:00
libero_10,z_xy,dur,640,5001,77440,605121,,12.8,2026-10-06T17:06:13+00:00,2026-10-06T17:07:23.254040+00:00
